"external_id","year_month"
"UCrFjJZkKv-Zh8ZYaUnKKVSQ","2013-07"
"UCozTNWrw41RC5P447d2nuKw","2010-10"
"UC5rBpVgv83gYPZ593XwQUsA","2011-12"
"UCUaHJ0fTA-1theR8A8Polmw","2007-07"
"UCxNkdjiN-zutIFvyH5g-c3g","2011-02"
"UClsy9JcwIVaq29WhPFI0eBg","2014-02"
"UC0PXqiud6dbwOAk8RvslgpQ","2007-04"
"UCweOkPb1wVVH0Q0Tlj4a5Pw","2011-02"
"UC2-BeLxzUBSs0uSrmzWhJuQ","2008-02"
"UClozwh5URilIQpDFeXch8qw","2011-03"
"UCnsQjCVzmEd-YvlQZbo6zCg","2010-09"
"UCeZiul_hKxc-r0yEL27i1Xw","2008-08"
"UC4SUUloEcrgjsxbmy_rQQXA","2013-07"
"UCLAumKr0O_z6r6RPiummR1g","2012-11"
"UCLcxQ8h1PX3WgLdgnJHcCxg","2013-07"
"UCkyrSWEcjZKpIwMxiPfOcgg","2007-01"
"UCLAcNrfZd3Nstptyuf54OVg","2013-06"
"UCL2BnoeVmDODuNEPuxobpug","2012-07"
"UCCJvN30up_Sunwgvprt-M_w","2013-12"
"UCHhXSfCzQYAAFkpdxr7QsaA","2012-12"
"UCmyGH1tjNBs2VFtVSAtmNOg","2009-06"
"UCBi2mrWuNuyYy4gbM6fU18Q","2009-04"
"UCbCmjCuTUZos6Inko4u57UQ","2006-09"
"UCPvEbO2bI5x1MVLUuRJoZXg","2012-08"
"UC_2irx_BQR7RsBKmUV9fePQ","2011-08"
"UCRWFSbif-RFENbBrSiez1DA","2012-06"
"UCstEtN0pgOmCf02EdXsGChw","2008-07"
"UCE2606prvXQc_noEqKxVJXA","2009-10"
"UC1D36wr10qyCfisHulZ5G8Q","2008-10"
"UCIWZ1_W5BqsvW9fm1cYFPpQ","2009-03"
"UChl6CG-V7LgqhfwkvbHH67Q","2012-01"
"UC2W6UhKpcXfOv2heky0vb8Q","2014-01"
"UCNpix5mmVuqhg94qxrsnPtw","2013-07"
"UCMjd-1F53XKknIcMPtAOmJQ","2012-01"
"UCs7on9W7SIbyO4f-Pb7lgbg","2010-04"
"UC_Ds7nedV3NqYf0zhpYti4A","2010-09"
"UC-PHIZjV-oX8H7zD1cCN2NQ","2013-07"
"UC_6zPf4uuteHFFctnQtEaXQ","2009-01"
"UCPigm-S4qXw2PSx1UEeEChQ","2011-08"
"UCJrXOOtvmGn4CF7aYaJwuHA","2012-10"
"UC12Ku0_2bhNsreyaoZH9raQ","2012-01"
"UCNKcMBYP_-18FLgk4BYGtfw","2013-02"
"UCt4t-jeY85JegMlZ-E5UWtA","2009-08"
"UC026Lbh9_gRAReUL6hUGR_w","2009-07"
"UCpmZQGTZXn9xd4nN59pbIWQ","2014-06"
"UClwkBPKzW8h_rfZWuG_kWjw","2006-04"
"UC-27_Szq7BtHDoC0R2U0zxA","2010-09"
"UC0gaQo_koRNiYSSblRyXC0g","2013-12"
"UCt6_7e1yAZxhn5E2ojiZA6w","2011-09"
"UCtQp6YD3Uc7Q439xlWL6APA","2009-11"
"UCsk6PjpDJF5nr6x2xMB2cPg","2010-11"
"UCCww-R0oM_CQWXerBcNyKKw","2010-03"
"UCfiwzLy-8yKzIbsmZTzxDgw","2007-06"
"UCtpL6HyBK-z16GbJguHf3JQ","2011-08"
"UCqFCFEIqqh35HXvkl58CERw","2008-10"
"UCahpxixMCwoANAftn6IxkTg","2008-08"
"UCWuj6cpZL_T1U508Y082u3g","2014-06"
"UCmBnutz50JW-jAuYz21URIg","2008-12"
"UCk4Du9D3ai1FTbuI_-86T6w","2010-12"
"UCXZioM6A3pMHBTwOLxEs22A","2014-03"
"UCXN6dUO4RBUs2FAK1e9Qq7A","2014-01"
"UCYVinkwSX7szARULgYpvhLw","2009-11"
"UCSReacwdlGHHyTIyuROhVdQ","2011-01"
"UCMry5jwn3fSxXqnqUUIcR0Q","2014-04"
"UC1xvP0LqUviUOxvchL5goSw","2012-12"
"UCPZiqlNI3RLyF47QTdq93GQ","2013-06"
"UCGi_crMdUZnrcsvkCa8pt-g","2010-02"
"UCedcH2kb9dRn6qPcafYF48g","2013-08"
"UC-kezFAw46x-9ctBUqVe86Q","2014-01"
"UC_zEzzq54Rm0iy7lmmZbCIg","2012-03"
"UCT2X19JJaJGUN7mrYuImANQ","2010-04"
"UC9M7-jzdU8CVrQo1JwmIdWA","2012-06"
"UCgyqtNWZmIxTx3b6OxTSALw","2011-04"
"UC4kyYTypYb3mQ6ZL25kly6g","2009-06"
"UCK9oh53NmUu0kvUWBVG34kA","2014-01"
"UCkEBDbzLyH-LbB2FgMoSMaQ","2007-04"
"UC09cuppOi5VxxLyykSpdnlw","2011-06"
"UCDpi86-drykZcnaDmR_4Yqw","2012-11"
"UCCjSkOjpRCp9s2tORCGDSug","2014-03"
"UCCGLzU6yF7DBAIg0493j9ow","2008-01"
"UC5MzAFj1U6Djzw6nUnsrLjg","2007-03"
"UCV2P4cb6zDK0G7c9Qj0sMRw","2013-09"
"UCqjjyPUghDSSKFBABM_CXMw","2012-05"
"UCP74I8w5CgO6Ud9hHYfQABA","2009-02"
"UCw_T-wN5D_NbfwFp4ztQvBA","2011-02"
"UCE_M8A5yxnLfW0KghEeajjw","2013-06"
"UCgTpLnSqzJntGjHLfuE2WNA","2009-09"
"UCrvHY7epa3hXaxsK6tdsp-A","2009-06"
"UCERVhkIYIeEdTQkQciwDN3A","2012-08"
"UCAbinsttOjP3NpPCn2G4Row","2009-11"
"UCafNntv_qTQB26AvbEQNHPw","2012-03"
"UCUd0P7GJ_6UiLcIpfKH9sCQ","2010-04"
"UCD8bmW4A7eYzHrW7sXwsqwQ","2013-02"
"UCLE2DRceHB_EZJA0esMjU4g","2012-11"
"UCjdEg3t61ff5LTWrzeDnpvg","2009-06"
"UCBTy8j2cPy6zw68godcE7MQ","2012-10"
"UCbuyZEYXgjMV042uuwa_aFw","2009-10"
"UCC552Sd-3nyi_tk2BudLUzA","2012-06"
"UClvgyQvIplPQU8N73vPlFUA","2013-09"
"UCAHWfoEatNl3QFloR8i5xzQ","2014-04"
"UCp_r6Z-Oh0YTf-ym71z5Nqg","2011-10"
"UCR1EMxu9anmg7DhJBxNUbsA","2011-05"
"UC52X5wxOL_s5yw0dQk7NtgA","2008-01"
"UCfztuMBrL9F-KqLZk_SY9TA","2010-10"
"UCe4LM_eKc9ywRmVuBm5pjQg","2007-02"
"UCUI17lXQLChtjCveKMq7Xbw","2009-01"
"UCnpy6aaJeb29DZJ8bsCgRiQ","2009-06"
"UCFpI4b_m-449cePVasc2_8g","2007-08"
"UCNpLPsSmanPaD83VtTgMb3g","2009-11"
"UCyQqzYXQBUWgBTn4pw_fFSQ","2008-08"
"UCXGgrKt94gR6lmN4aN3mYTg","2009-04"
"UCIPA6iWNaoetaa1T46RkzXw","2011-12"
"UCYCgq9pdIv95dnjMPFdk_DQ","2009-10"
"UCV1nIfOSlGhELGvQkr8SUGQ","2009-09"
"UChI4p4l9OlVJ41c6AYQBtlw","2012-01"
"UCIMzhx509wEXMuGkTK-kD9Q","2007-08"
"UCzaLBeGCvk47gY522T1WVLA","2014-01"
"UCWljxewHlJE3M7U_6_zFNyA","2012-05"
"UCq49Dchmdahq2tS9TJCv7XQ","2012-06"
"UCnk7bkIwjzxE_LqBmjekLBg","2014-10"
"UCXa9irCtpM1t4l2cPuBKcQg","2013-08"
"UCV6ZlWpVitOcQvaL_RFgu5w","2013-02"
"UCCj956IF62FbT7Gouszaj9w","2007-01"
"UCwmZiChSryoWQCZMIQezgTg","2009-02"
"UC16niRr50-MSBwiO3YDb3RA","2013-08"
"UC-FQUIVQ-bZiefzBiQAa8Fw","2009-01"
"UCqIqRzEge-Qvt4Iglx-uKdQ","2010-07"
"UCzw-C7fNfs018R1FzIKnlaA","2009-08"
"UCYwrS5QvBY_JbSdbINLey6Q","2009-08"
"UCBSVw6f8KBFLn7r1cQsFhLw","2011-01"
"UCBkLjpvDDdKbu18iMf400aw","2012-11"
"UCKNyDWvTFd13MqtDWIkbcZA","2010-03"
"UCE5dOdHmNYfFtLA-ov3ehbQ","2014-06"
"UCWr4vlkj5xXQ4bSXNeTT2AA","2013-11"
"UChRZS2yZ2TDEO13e3g4zHTQ","2013-07"
"UClmrMSi6lEWznq_iZ_LJp9w","2014-03"
"UCmJ6eP-7_6gqm8moQukzd4A","2007-12"
"UC67f2Qf7FYhtoUIF4Sf29cA","2011-03"
"UC6cqazSR6CnVMClY0bJI0Lg","2011-02"
"UCQD_yZCS2BGO_BXtYrXFg1Q","2013-06"
"UCdmGjywrxeOPfC7vDllmSgQ","2009-11"
"UCZbgt7KIEF_755Xm14JpkCQ","2008-04"
"UCNo5XtuaFJ-U4GTthn54pag","2012-07"
"UCfwx98Wty7LhdlkxL5PZyLA","2006-06"
"UCEmCXnbNYz-MOtXi3lZ7W1Q","2007-06"
"UCv19wS9-3PU1qih-H6gVrRg","2011-01"
"UCazMm3tOCkYrIGE_17j0mVg","2007-02"
"UCiVg6vRhuyjsWgHkDNOig6A","2013-01"
"UCvsR0XwKGGgu0CBSFnjsHLg","2014-01"
"UCdi7oRsTnj8NHxqa3L_zrBw","2013-08"
"UCSvSbpm3cCgqqZlTaj4jZRA","2014-01"
"UCKi3LZcC8_7doDCEAi9XonA","2014-09"
"UC--NQCwTnFcXDWpNd7kXE6w","2009-03"
"UCstqC9y3oqzpNCTkh-_Ut8g","2014-01"
"UCc6W7efUSkd9YYoxOnctlFg","2009-06"
"UCiCQS255rjjYYO2KmToErjw","2014-04"
"UCuHzBCaKmtaLcRAOoazhCPA","2008-11"
"UCAXR2zenCwvRIyQd9ydtfaA","2008-11"
"UCHfdTAyg5t4mb1G-3rJ6QsQ","2012-12"
"UCKd1OjLzqPNFmDMheIED7Mg","2012-04"
"UC5PYHgAzJ1wLEidB58SK6Xw","2014-02"
"UClJlcmhUkErNMYGAbzoGd8A","2009-04"
"UC7nGdI1YVbdj0lBqEeg8KxQ","2010-12"
"UC8ZcDHb1WKZnzmDCUoT8IVA","2012-12"
"UC9PgszLOAWhQC6orYejcJlw","2005-12"
"UCnrO0wqhKpMYUt_wSeaIasw","2010-12"
"UClmmbesFjIzJAp8NQCtt8dQ","2008-12"
"UCUtZaxDF3hD5VK4xRYFBePQ","2009-05"
"UC6QWhGQqf0YDYdRb0n6ojWw","2013-03"
"UCcGrqVONDKiBiRjNKI8EsOQ","2012-04"
"UCtEt-shvshHduBTAZju3kOQ","2010-10"
"UC6UL29enLNe4mqwTfAyeNuw","2013-08"
"UCwJOLhqkBHVnT5wA1mkOzdg","2010-05"
"UCbt63GNsB5wet6NO3dmhssA","2008-11"
"UCBUVGPsJzc1U8SECMgBaMFw","2014-05"
"UCpko_-a4wgz2u_DgDgd9fqA","2012-07"
"UC2GnuulpFRtTGFNuS1LKL5g","2014-08"
"UCay_OLhWtf9iklq8zg_or0g","2013-04"
"UCYFUs5ws1FqIEw9NoqfQQug","2013-10"
"UCyCm59DXgQzgIddBPI00Bgg","2012-04"
"UC9cn7_hZ0kq2FwAtFMXNK4A","2012-11"
"UC0fXNmjDoC7ckPyT6qM8Urw","2014-02"
"UC2C_jShtL725hvbm1arSV9w","2010-10"
"UCclHSnngVTZK7LEOQAzcg1w","2010-08"
"UC_pwIXKXNm5KGhdEVzmY60A","2011-03"
"UCr5DGWo5YKsV7qg8vfPDsOw","2011-09"
"UCOmcA3f_RrH6b9NmcNa4tdg","2006-05"
"UCupvZG-5ko_eiXAupbDfxWw","2007-11"
"UC-5LNANFKTC1DOkuhbeq6OQ","2010-01"
"UCvphW8g3rf4m8LnOarxpU1A","2008-10"
"UCsPF3cApzCohxPp5oKdoWSQ","2008-08"
"UCcHtke0raf8vNYLM1Hbq3Jw","2012-02"
"UCRq2IFa7h64OWUOKv3r2B-Q","2014-02"
"UCffDXn7ycAzwL2LDlbyWOTw","2012-09"
"UCPHXtOVmjvbP9OJihsd7gCg","2011-10"
"UCvqs9r3h9dh87lRHSatDpNg","2012-07"
"UCfz5rmyvOJK16EBW7ILaahQ","2012-12"
"UCshoKvlZGZ20rVgazZp5vnQ","2010-07"
"UCxcmJGKiWhTZ9WHizqPhOHg","2014-01"
"UCNBbCOuAN1NZAuj0vPe_MkA","2011-01"
"UCULKp_WfpcnuqZsrjaK1DVw","2010-06"
"UC21yq4sq8uxTcfgIxxyE9VQ","2011-08"
"UCRx3mKNUdl8QE06nEug7p6Q","2013-10"
"UCk0luhBaSfPWo4Cmyt0EDew","2012-02"
"UCQR_jO1aqpsdfrZNHkoSjDQ","2012-05"
"UCtinbF-Q-fVthA0qrFQTgXQ","2010-02"
"UCCTR5nIFvWBW9MeGEGPNG4g","2007-01"
"UCe2YQ986DdKliHNvE8va4kQ","2009-10"
"UCCSjM_zelGBZ8Q3jrPGWvXA","2011-08"
"UC9Pj0EUibBF295jWHRSDJqg","2009-08"
"UCKRp5dNEBko_xLYf_kHuZcw","2013-11"
"UCPidUmuGaKCgQBO0GbrK1hw","2009-02"
"UCXNUqOjGHwT-Fl2G-KdJgIw","2013-06"
"UCuapoB5ePKwiU7zFqc4-weg","2012-09"
"UCisDKiJcYo9MlA4OnY8il4Q","2014-09"
"UCSVpCNZzOeMekuMiFze3fnQ","2009-12"
"UCRc1QYRg0L0q53wMAvUMxyg","2013-06"
"UCnzbVkknmqhRqUKg7RDTDeg","2008-02"
"UC6xD-jKli-_qIYXDTsNv4dw","2010-10"
"UCBnZ16ahKA2DZ_T5W0FPUXg","2013-02"
"UCVtL1edhT8qqY-j2JIndMzg","2012-09"
"UCYUQQgogVeQY8cMQamhHJcg","2012-12"
"UCD1Em4q90ZUK2R5HKesszJg","2013-03"
"UCLcVoPzrj9IzLQ137-KYiXg","2014-05"
"UC4AOIba1H86FULnZ8YSyqyA","2011-02"
"UCQjh-JVPNWfY-KsZS3RgRHw","2012-01"
"UCm3Y5mfuO7pf3SXQILf3Obg","2011-11"
"UC-DUrA-h7-s_C57ECJ1BFPA","2013-06"
"UCosXctaTYxN4YPIvI5Fpcrw","2009-08"
"UCDPM_n1atn2ijUwHd0NNRQw","2010-11"
"UCvmijL-eepDVHYSJHDY3d6w","2012-06"
"UCPDXXXJj9nax0fr0Wfc048g","2006-10"
"UCGDwFBgtKO4M7AaTCY3jMLw","2010-09"
"UC55IWqFLDH1Xp7iu1_xknRA","2010-05"
"UCUsN5ZwHx2kILm84-jPDeXw","2011-08"
"UCyfkoMQeJOoEt3ZhY3PI6Uw","2013-12"
"UCrqsNpKuDQZreGaxBL_a5Jg","2011-12"
"UCTSQvwQfAkbZuMpoYs8eXKw","2007-02"
"UCudeRz9YntRrmKBSqnHyKGQ","2010-09"
"UC75rso1DWIZ3hka0V6hGq7Q","2014-03"
"UC6nGx7jLgwEf6ormq-X2pkw","2013-03"
"UCelMeixAOTs2OQAAi9wU8-g","2013-11"
"UCg-YSRB6TsIq-c5PUZ0F1Jg","2011-03"
"UCG4dadF2w8Z95qz-vJ3WkqQ","2011-12"
"UCAzPsJi_SFdpPBvbiPc1DNQ","2011-09"
"UCFIdU1RkuRd26YDA7lerfEQ","2012-09"
"UC3H9ieyNjPZf_XgduxnSCow","2012-08"
"UCX6b17PVsYBQ0ip5gyeme-Q","2011-12"
"UCyGVGJRheNR9uZGUiGsNs0w","2013-07"
"UCe_vXdMrHHseZ_esYUskSBw","2012-05"
"UC0IxHRxK25VyVoMddDKioQg","2013-10"
"UCtcQ6TPwXAYgZ1Mcl3M1vng","2010-06"
"UCmxXNp3EErSfvSXti76x3hA","2011-08"
"UC2LgZ_4GzSFQS-3a87_Jc6w","2009-03"
"UCe9oofjVfJzapRyVlt57x8Q","2012-01"
"UCq-vSTqa-OPeMzx5fjH9w_w","2011-09"
"UCyWqModMQlbIo8274Wh_ZsQ","2009-04"
"UCFjOi1ZpZVErr8EYxg8t1dQ","2013-03"
"UC4Pg4VMErK0WQJZI_suR7jA","2014-03"
"UCfsVJuytT01LF52dnPRbssw","2013-08"
"UCmGb2fqo-BLtMm46F3qTumw","2013-08"
"UC_LnRBL1DQIt1YO3wlN7KeQ","2013-12"
"UC5DXIGh6zwIdvhS-4Toh6Gg","2011-12"
"UCzWQYUVCpZqtN93H8RR44Qw","2012-11"
"UCE1q34IyY27CI31HFkeng0Q","2013-02"
"UC_yCORmIAJntXQDSHs4iFcw","2012-10"
"UCyBQbjyvfPlnoPJmnFHJXTg","2013-04"
"UCpZ_DI-ZugwMzXcqccaTVsg","2012-10"
"UCyCyTe_1bT2aIPwG_gxbyeg","2013-01"
"UCMuPLU5S9vVC5tZAiPVt4HA","2010-08"
"UCgJjd8J5moTQSwnCIx4WSIw","2014-03"
"UCHIwQiZhIn6fm5b_IilqBbQ","2012-10"
"UCNSH6TNRZA794tl8fMeffFQ","2013-10"
"UCd__wqtElchTWpFISZSvKCg","2014-02"
"UCEUf_uUDUfJJ3XfgwOxm-0A","2007-09"
"UCRQebyNJm9YRyO5h0eWEVhw","2013-06"
"UCERUmrDh9hmqEXBsnYFNTIA","2011-09"
"UC0rDDvHM7u_7aWgAojSXl1Q","2012-06"
"UC1l7wYrva1qCH-wgqcHaaRg","2011-06"
"UC-Ba10Rmz8pFivAVdQNeFyw","2012-04"
"UC2APpwfAlZU8X0EezmhuXUQ","2011-10"
"UCLWOQczGioqjwq4sfNPa0vw","2010-10"
"UCsB8vGD7lRFkZMK4AkLu2Vw","2014-11"
"UC8MtFrxbHIAUN10EsgFcLUg","2014-09"
"UCFjrDmEnxrG5TRGVO0TPHLA","2013-06"
"UCmY3dSr-0TOkJqy0btd2AJg","2009-01"
"UCuw8B6Uv0cMWtV5vbNpeH_A","2007-08"
"UCsU-ktDYPSvRyRqcFV4uXPw","2013-03"
"UCZ_AAS3zQS53OOeeeY9lcJA","2009-02"
"UCakQLdwrxuo0KhJ49Sq2csA","2008-07"
"UCuaFvcY4MhZY3U43mMt1dYQ","2008-11"
"UC1xwwLwm6WSMbUn_Tp597hQ","2008-06"
"UCQphRgAhj5UxktrQNP3WF5g","2008-04"
"UCKjjmMqvuxNYw8c6knceexQ","2012-06"
"UCq3zaHCaZtb3TtNwwz0PK2w","2010-01"
"UC7Gf2tZ8coTX2ckTPgn62iQ","2011-04"
"UC1t74cS15eURW0YCpsRaDuw","2010-02"
"UCwrfRCqA9wvqp9zCvzLl6Sw","2013-07"
"UChr1sKJ27Fr6WZxAlusbo_w","2011-07"
"UCn5HgqjOdW0d1jYTtvzKCUQ","2013-08"
"UC6NMqrESrKioKr9axv_YM7w","2010-03"
"UCa53fMnMax27fsyKBP_ygSA","2010-12"
"UCe66nJag7ECFSJOlWpn69Pw","2012-06"
"UCHdos0HAIEhIMqUc9L3vh1w","2010-12"
"UC9wLG7UmlTKmjWI3Ri9-CqQ","2011-01"
"UCT8Rf6QQeFADwyyPTrGgT4Q","2009-06"
"UCY26xU0-avwTJ6F6TzUZVEw","2010-02"
"UCNYW2vfGrUE6R5mIJYzkRyQ","2008-10"
"UCRijo3ddMTht_IHyNSNXpNQ","2009-03"
"UC4fmBMzf7iWyFx7ysCCLqDA","2014-01"
"UCLlgzYZqJYalr3bN1315A1g","2013-10"
"UCFCtZJTuJhE18k8IXwmXTYQ","2012-11"
"UCx_dzPI6efSohgtOkAG43-A","2012-11"
"UCXdLsO-b4Xjf0f9xtD_YHzg","2010-08"
"UCMu5gPmKp5av0QCAajKTMhw","2011-11"
"UCI-Oq7oFGakzSzHFlTtsUsQ","2006-11"
"UCiWLfSweyRNmLpgEHekhoAg","2009-03"
"UCIIKPy27YWW5yhc0qvr4KnA","2011-06"
"UCwQSkyrft0ohf-ra21yIs9Q","2010-10"
"UCFwzOXPZKE6aH3fAU0d2Cyg","2009-09"
"UCaHhsFQFrp5Ytbk0FklLyAQ","2009-07"
"UCilIl97a4P1V2P6n5ypwKng","2012-12"
"UC0C-w0YjGpqDXGB8IHb662A","2010-04"
"UCrFiA0hztL9e8zTi_qBuW4w","2013-03"
"UCbEsrYwtICShIo_VPoBCQGw","2010-05"
"UCK0_zBeybLuyXbOcHp7wmJA","2012-12"
"UCK1i2UviaXLUNrZlAFpw_jA","2011-06"
"UCSVSS5aSyHh7ChJlICx_Gkg","2012-10"
"UCm_idleEc-Xc1gpU77ygTEA","2011-04"
"UC6AHeJa7s9-Brs6VyXy6Dwg","2013-01"
"UCj5tYok-Han88RBzumyHwlw","2013-10"
"UCbfqyzIlmkHPXsjVCjp1cGA","2011-07"
"UCJ6jdm9qTla9Lp3Jf-TPwbg","2012-03"
"UC99LgIedzGD1GirhFGldfUQ","2011-03"
"UCh8bTHe4T8o7RIU7R5EPX-w","2013-06"
"UCqjaTPCl-Ljsiz4kkiuo6RQ","2014-04"
"UC10Tc1mzoPTibXDyVXFf9fw","2012-05"
"UCX52tYZiEh_mHoFja3Veciw","2007-02"
"UCMEiyV8N2J93GdPNltPYM6w","2013-11"
"UC31klL7WSgkQyGClLp-iacQ","2010-02"
"UCRpjHHu8ivVWs73uxHlWwFA","2007-03"
"UCHa-hWHrTt4hqh-WiHry3Lw","2011-09"
"UCUuU7X-e2ZRNOoBG3Cy8txw","2013-02"
"UCrmPAeHxCYem3PWC7dPpRGg","2014-02"
"UClqo4ZAAZ01HQdCTlovCgkA","2013-08"
"UCoTyVfIkM-hjz4JauDoVvog","2012-09"
"UCWxoNGr-Uk9ql-r8upHmLWA","2012-09"
"UCWXCrItCF6ZgXrdozUS-Idw","2009-09"
"UCY8LnVxm0Hf7DKPKuLPxb2g","2012-06"
"UC14UlmYlSNiQCBe9Eookf_A","2007-04"
"UCZkcxFIsqW5htimoUQKA0iA","2007-06"
"UCYG6DQUw79szmnuNux_S8pg","2013-09"
"UCC-RHF_77zQdKcA75hr5oTQ","2013-05"
"UCit9X9KT2rmW7IIzQs4cdIw","2010-11"
"UCtInrnU3QbWqFGsdKT1GZtg","2007-07"
"UCpcTrCXblq78GZrTUTLWeBw","2012-01"
"UCwNqHDsnBCKT-olwJwIFyfg","2009-08"
"UCY-nD3MKsBeZtLHi3772eSg","2011-02"
"UCeLv3h_HSbUifncBFrXHdPg","2013-01"
"UC3FBdA2krgGmdGdqxqDjElA","2007-08"
"UCi87kxosIT3wrnEA-mv4jWA","2011-12"
"UCZMBZEfvGdlTpOZm-fLY2lQ","2013-04"
"UCiRxTf7i-Ggg7dLeRLOn5eA","2014-08"
"UCPDis9pjXuqyI7RYLJ-TTSA","2012-08"
"UCvthuVsurPaVz2a7_4LepGg","2011-10"
"UCJCx8aQrdx_ueXPmxTD2odQ","2008-08"
"UCvfjriBh19Ddej0thncagUA","2007-02"
"UCbVNBFaRkgL-6kg92q1fsYw","2012-11"
"UCTgVl5peu2WD7LhbLDdmfgA","2014-10"
"UCV4xOVpbcV8SdueDCOxLXtQ","2011-05"
"UC_nBvBIV0K6P5C3tA27Hwrg","2009-04"
"UCww4HYJZlIk3fRgqTWEW4cA","2008-05"
"UCa6xsp7d4s-NgpPUGc57ZGA","2007-09"
"UCLyYEq4ODlw3OD9qhGqwimw","2011-09"
"UCPPPrnT5080hPMxK1N4QSjA","2012-04"
"UC_i8X3p8oZNaik8X513Zn1Q","2011-04"
"UCc-YCLZsBzb3tytzEDToZVw","2014-08"
"UCiP6wD_tYlYLYh3agzbByWQ","2010-05"
"UCNnKprAG-MWLsk-GsbsC2BA","2013-07"
"UCVE91qOw9Ke8EsK95lMuF2Q","2010-03"
"UCbWUEnTRHb3bRdrnovq8iuA","2011-03"
"UCU0nCk_dDYf2PavgLbfgihQ","2013-07"
"UCeTa-D2M_j_J7aKfLUcRFxQ","2013-04"
"UCl4aCuVCJSs0dLD1G-aD33A","2013-10"
"UCLwUd5KtYONsRJ3UAOojZ0w","2009-01"
"UCzNWVDZQ55bjq8uILZ7_wyQ","2011-07"
"UC5rs0KQbynTiXjyhivBUkAQ","2010-01"
"UCAUTncHmFWaaNo91xg4As3g","2010-03"
"UC7w8GnTF2Sp3wldDMtCCtVw","2013-03"
"UCVrvnobbNGGMsS5n2mJwfOg","2012-05"
"UCqdGW_m8Rim4FeMM29keDEg","2011-07"
"UCoxGrAFk83Z0W_4GLp7Qjvg","2011-01"
"UCJSheG47lgh1oUBaM9e4kSw","2013-08"
"UC-Vn_yBa4VUfX56pq_px2vw","2014-03"
"UCFUUz89hX0NP6jhKbBop6pQ","2014-05"
"UCeZe0VwwhEf8KTI2FHfJtTg","2013-12"
"UCF1Iftua-nEHhN-K6oL13mg","2014-03"
"UCymUPSH33VdwLa0vpY-18Dw","2012-11"
"UC-L9KNntvOrGkFRmD9SE4fw","2012-11"
"UCqD6hpfLEIF9Rs4hMoNhR2A","2013-11"
"UCAGaiAGJg1B3l-hpLpPcdvg","2012-07"
"UCko9jNGOhjjImjZRv7He0sg","2013-02"
"UCXLZTfAmUTr1lGtlMKhC7sQ","2014-10"
"UC7zHLmbmASW9zmLW8WpFm1g","2013-09"
"UCqYw-CTd1dU2yGI71sEyqNw","2011-02"
"UCFWsjsN53Sqvg2pWhSFmWBQ","2014-01"
"UCG9gfnA5UDoLvz-tC9B-HKw","2010-11"
"UCak3selG2oi5vn7sbqdaULA","2013-08"
"UCEe-43j9WUt6A0pHBppRJ_A","2006-05"
"UCTL0lRmUQ-rH4YZAteV7LzA","2008-01"
"UC7KsOyQx3vyo8B-ta6_uLUQ","2011-02"
"UCIZTcU6Xp-dJkYPswQZNqsw","2014-04"
"UCSheQFEpBepkLd-Z1KiMCJQ","2014-01"
"UCpNzWUlO6PVb_v7chefBnig","2012-03"
"UCBAb_DK4GYZqZR9MFA7y2Xg","2006-12"
"UCKdEsgHiM0SulsFXm7QMJAg","2011-08"
"UCyb0T6J6nL5ibo0HLRMINKw","2009-05"
"UC9CuvdOVfMPvKCiwdGKL3cQ","2012-07"
"UCJAbkIY17zAmCTNQHH0bQoQ","2011-09"
"UCoOLXuyAZa4G_GRWOpeyXaA","2011-07"
"UCmJgm56O64l2h7mpFcxKWfw","2011-06"
"UCO2WJZKQoDW4Te6NHx4KfTg","2011-01"
"UCGVrxaJHUQHbPSUVDZ8sUVQ","2008-05"
"UCKBBzmtYEoV8Ec56y0K-4Gw","2011-10"
"UCs2t9DlvAuyTBkvk2djGZKw","2008-08"
"UClZkHt2kNIgyrTTPnSQV3SA","2010-08"
"UCL9QTpkZUW8iW_0Y4XKWhrA","2010-10"
"UCzco9CewPf0F-SP1p6LhWrw","2008-08"
"UC7e-HT5JNFBruAKvADJrqFQ","2012-02"
"UCuTaETsuCOkJ0H_GAztWt0Q","2012-12"
"UC7HJ3_GvkRWqd8IXPKj1cFA","2011-03"
"UCqhnX4jA0A5paNd1v-zEysw","2009-09"
"UCFQ4RX8Vo072j-NiNZkULOg","2014-02"
"UCsr2PfJA9b-vM9qeDS4a_Qw","2013-02"
"UCtA_y4C_AlqB3Kx9g5UArEg","2010-09"
"UCJruTcTs7Gn2Tk7YC-ENeHQ","2012-10"
"UC4PooiX37Pld1T8J5SYT-SQ","2008-10"
"UCK8sQmJBp8GCxrOtXWBpyEA","2007-02"
"UCL8ZULXASCc1I_oaOT0NaOQ","2009-02"
"UC6KUvtitNkyAZdJpR03DAHg","2008-05"
"UCTnRxVUPssiL7H29ON07t_Q","2007-08"
"UCnIQPPwWpO_EFEqLny6TFTw","2011-12"
"UCUjlPym2cxucUVPdE8kYOOg","2010-11"
"UCIiBf-JbtCazHSFqXV4JgoA","2006-10"
"UC1zZE_kJ8rQHgLTVfobLi_g","2010-02"
"UCiBigY9XM-HaOxUc269ympg","2012-04"
"UCTDTSx8kbxGECZJxOa9mIKA","2006-10"
"UCofCm1vazOtrJu51EgF1hLA","2011-05"
"UCYJ61XIK64sp6ZFFS8sctxw","2010-04"
"UCNZiHRCIXaz8NcwTtQm8rpA","2013-07"
"UCwn0jaGbgMkYioOWBzMog1Q","2006-08"
"UCyKa1YNZLio6XfjMR7fw45Q","2008-03"
"UCBeWGn3mho4_5Og6D4jHbXw","2014-03"
"UCClNRixXlagwAd--5MwJKCw","2011-05"
"UCE0ikSo6LIH-lAoaq2a4lEA","2010-09"
"UCdufkvMrmyR1TMhDG8PhsJw","2008-06"
"UCyAN55vvo8odHHg7QY1pf5w","2010-01"
"UC5GfkRipCgMWa9asGx8S68Q","2012-03"
"UCSFXVY6lxmxYfHlLBGFwuEg","2013-11"
"UCydnzlUFgv1qoVL4puLczJw","2011-04"
"UC3ja-WVbXJf-9pOMrcmiw1A","2010-07"
"UC-r13SLLdZtZNmuC2bMnlmw","2013-11"
"UC-KQIG4-dyR1kIHCQFOJ-hQ","2012-10"
"UCBTr3sPSDnIiwPnFngzO6rg","2012-01"
"UChTRw0OKvFG5k_RLBRmZ_sA","2014-04"
"UCfLTxnQboSLcoSakgONmukQ","2009-07"
"UC2zXd5Kq9Hu-_bwO1H7CD0g","2009-02"
"UCB7n_CJp_maWvHKVWPFGYcw","2014-03"
"UCX1xppLvuj03ubLio8jslyA","2013-10"
"UCZf__ehlCEBPop-_sldpBUQ","2011-07"
"UCVpGiJmXoTpjrpkVEAfbpHg","2013-11"
"UCqkMn9bYQlhgzEjbktzEQpQ","2013-08"
"UCc-2P5tCezbxegb7gxp6EXg","2013-08"
"UC9MzPV0ePChsUMkbyE6JDPQ","2014-08"
"UCZJ7m7EnCNodqnu5SAtg8eQ","2011-09"
"UCTZYP-LKaYLz1IiUPq6eFlg","2011-09"
"UC22zQ9nBEk6KOjUWqR5XXZg","2008-05"
"UC3djj8jS0370cu_ghKs_Ong","2010-06"
"UCxkkhCFRexEyFHUHEcH5Uzg","2013-09"
"UCMfZ_z0LUm805JOZLktl2QQ","2012-03"
"UCdu8QrpJd6rdHU9fHl8J01A","2008-03"
"UC-1yUeIiN57anOtGe-rAqrw","2011-08"
"UCHCph-_jLba_9atyCZJPLQQ","2007-03"
"UCsP7Bpw36J666Fct5M8u-ZA","2011-04"
"UCR4s1DE9J4DHzZYXMltSMAg","2011-12"
"UCM_zp2dVNflkGFWAFM_N7lg","2010-08"
"UC3AgxXIspxGB8Mb-6bO9YlA","2008-07"
"UC3WI3Ut8Hvc6kzlLcG0IJHw","2012-04"
"UC5f97D60yHa7UE9rFfbej8g","2014-03"
"UCcF7lkZqxzI2asePTbksVdA","2011-05"
"UCKy1dAqELo0zrOtPkf0eTMw","2008-08"
"UCQ7rCjQe2LSyl9uT7A9Zr4g","2010-07"
"UCfm4y4rHF5HGrSr-qbvOwOg","2010-12"
"UCUFNaNGi3lnBPq4gtdfJCAA","2008-01"
"UChhOtjq-3QyyLmP2jv9amrg","2011-06"
"UCwz6oWkwVQng955vNgM5nNg","2013-12"
"UCYSBo41CFBbyFXV8_k-Cx2g","2012-05"
"UCttspZesZIDEwwpVIgoZtWQ","2007-09"
"UC5zSySQab9SA6Wz569WDgqw","2009-11"
"UCr8RbU-D7iSvpy0ZO-AasoQ","2009-05"
"UCYdNtGaJkrtn04tmsmRrWlw","2006-04"
"UCWJHDMgKWWvOsdyRF3HPVEw","2008-11"
"UC1-VOKyTJrgLiBeiJqzeIUQ","2013-01"
"UCkbJc8jMcTXwhtmN5VMwfXg","2012-02"
"UCFL1sCAksD6_7JIZwwHcwjQ","2012-10"
"UCTfkOrp_s_DhYBRCxEUVARw","2010-04"
"UC6jgzx2g3nlbaYkd8EMweKA","2011-12"
"UCwiIs5V6-zX8xaYgwhRhsHQ","2010-06"
"UCpSgg_ECBj25s9moCDfSTsA","2007-07"
"UCDATi9UrhqjfVNxIKNizOiQ","2012-12"
"UCe3yZzUwpmy2eKKmF9svX0Q","2009-05"
"UCleo0cLOSiib0W62-GK1KdQ","2011-07"
"UCQMELFlXQL38KPm8kM-4Adg","2012-04"
"UC9gFih9rw0zNCK3ZtoKQQyA","2010-02"
"UCrYnLkVfvVf0Qy0YOUQdk2A","2011-08"
"UCR8Qn9s6He1Qtph73fiDmWQ","2014-01"
"UCwJZiyiR1aDwEL3Gkm7entw","2012-11"
"UCa6vGFO9ty8v5KZJXQxdhaw","2009-01"
"UCN5DIICIAeZFoyp2Kg8gkvA","2013-04"
"UCRX7UEyE8kp35mPrgC2sosA","2011-06"
"UCfsGxVoovxM9kX8mZhdKp2Q","2013-06"
"UCOKsFInOx-GzAEZvjloIj6g","2013-01"
"UCLk9wddjT0F-HILLRFXodtg","2012-07"
"UCGCPAOQDZa_TTTXDr5byjww","2010-08"
"UCM_FHvqIuFMAhoj4DsonEbQ","2014-01"
"UCDlQwv99CovKafGvxyaiNDA","2010-04"
"UCL64gn1KZ1C-u87BGQv3b6w","2010-12"
"UCytmkC9CDv8XnczvER61C9A","2014-01"
"UCDx2-SCLzDaC4vlh2PCGYQA","2012-02"
"UCRO2HUx-NQ71VPsXlfomiMg","2011-09"
"UCJjSDX-jUChzOEyok9XYRJQ","2010-02"
"UCYiGq8XF7YQD00x7wAd62Zg","2013-06"
"UCTXeJ33DzXI2veQpKfrvaYw","2012-02"
"UCJ0q80Cg2mIUPqTigNe8ftg","2012-04"
"UCpsSadsgX_Qk9i6i_bJoUwQ","2007-02"
"UCdPG86Ahrf9A8YzBnFDAaEg","2013-02"
"UCfPhyExfcaqJBKc3HO3cNBw","2012-07"
"UCa31yJCxmmRfTUIMYrUQ3ew","2012-12"
"UCaibwqCNTDZOSC7RdVDjLmw","2012-09"
"UCNqbJ7zpxAxC2BxPx-xmx6g","2013-01"
"UC5BMQOsAB8hKUyHu9KI6yig","2008-07"
"UCK1sVuXaDvJeNwl9noN5nOA","2011-12"
"UCeLPm9yH_a_QH8n6445G-Ow","2012-11"
"UCEPKlFeUjRY_1mpZP8GnkVg","2011-12"
"UC4UI7s987kPE-_FZwO5RrBw","2013-06"
"UCOzdP6ZlqpPKDdx7zibzJmw","2009-01"
"UCVtFOytbRpEvzLjvqGG5gxQ","2010-01"
"UCX0lLUgD8kvt0IWwQZI35yw","2014-04"
"UCNHqosTdwFPSK5OQsjFoS5g","2010-12"
"UC9TreTE-iXwfwQl72DzDurA","2009-01"
"UCu-qQNeaTJpbWB-NayPsABg","2013-07"
"UCQ3YBTfFqOelvIjk5TLXlfQ","2014-02"
"UCTQ6d7W2JRulB1Pd-9wCsAw","2012-08"
"UCNDY2dg_gWJ_qZJ7LbzHTGw","2014-03"
"UCtg17AAUcgsfmTZ7cOojgpA","2012-05"
"UCE5910LWuMTGWmIJ_WE3KvA","2012-04"
"UCHzrmjGQIw043RVffpyjezg","2010-11"
"UCD-NZ6Gm9jk1MvjVLRT1NOw","2011-03"
"UCbp3o7U6oSa6s-LQBZvOnGg","2009-10"
"UCptyYDiGZ9hs1pH0AaoBTxA","2011-01"
"UCc2_j9TZ1UU9nCedF3UsuFQ","2014-02"
"UC4iRwR3TPWhz1Gstf0sGZhg","2013-07"
"UC3KknIJZXRygH2pZ6MDtGbg","2013-07"
"UCskSW39nbaWKSdtdaPrY5IA","2014-07"
"UC7Pq3Ko42YpkCB_Q4E981jw","2013-09"
"UCU_If3OQp9FPHoP1BteFNlA","2012-11"
"UCX7CYiI89e6wBnwytOx8A-Q","2012-12"
"UCjVkjd2VWCWO-9DHRQER3Yg","2011-12"
"UCjNUHgBv6rvGHIdXNaHBz8g","2014-05"
"UCtgpDqkeOToveUgh8igrvXQ","2009-03"
"UCvvv8EVMmEn2fqCHySJ2MPA","2014-05"
"UC9ULnkwvyofZ_sWrzRpyvrg","2007-01"
"UCwMrVVdT2tS4_UjlqRFwQ9g","2008-08"
"UCylgEewgtpmPLgprpFvscKg","2011-07"
"UCb3tJ5NKw7mDxyaQ73mwbRg","2009-01"
"UCYhnaZG7onWG7Umc7xP-maQ","2014-04"
"UCbt3UL5blPuHbgnLZPZVamg","2013-09"
"UCyfZleh4w7buTzi0WfY8WqA","2011-01"
"UCzuvRWjh7k1SZm1RvqvIx4w","2011-04"
"UCfLuMSIDmeWRYpuCQL0OJ6A","2011-05"
"UC7Uibumwcqq1yOvlK9yq7nw","2011-11"
"UCP-Ng5SXUEt0VE-TXqRdL6g","2012-07"
"UCabfiEzAwNHfShgmt2Y--Yw","2010-09"
"UCtpdg7cmwSNkCtU57hGDm9A","2011-07"
"UChApbc4FLJC3DJLLryGgCSQ","2011-06"
"UCrNFXmtWRFgbMHYJpjS3_0g","2010-11"
"UCoB8h5pwZMWdSUSrter510A","2013-11"
"UCHAx8o0jj-8L_sqR5QM1Cwg","2010-08"
"UCTv-XvfzLX3i4IGWAm4sbmA","2012-08"
"UCjc-swOwNYV8d8s_1y_j7zg","2014-07"
"UCvASwurO-KQMoLVHWKdwT_w","2011-04"
"UCTTIi0HrCHybiQLWg_9SY0g","2014-10"
"UCl-HaapbCqGDw4SKfcSAqvw","2011-01"
"UC3XTzVzaHQEd30rQbuvCtTQ","2014-03"
"UCVTyTA7-g9nopHeHbeuvpRA","2014-02"
"UCap97Ue8K_BpKlrvQRYd6JA","2012-03"
"UCNbngWUqL2eqRw12yAwcICg","2010-01"
"UCXbQzhqSvgVZTUyi1T4AU3w","2011-09"
"UCiMgBV0puDbAGdDUcVyNdVA","2013-09"
"UCTt2AnK--mnRmICnf-CCcrw","2012-11"
"UCm3C3OSgcyzaTBXrNRupB3Q","2014-02"
"UCkEBtZZfrNxTguvx1YEDIpQ","2014-06"
"UCsxMBRUkXRFAYwH2TLm4o0A","2013-08"
"UCR1c65UsjpaVgcLKa7eM1tg","2009-11"
"UCkxctb0jr8vwa4Do6c6su0Q","2013-04"
"UC1AEadAUKi6Zt-G3PatrU-Q","2013-09"
"UCXxHzg_vJFDHzG7bkLldegQ","2013-11"
"UClGxTk-Oup0p6i_uVMD4ibA","2014-03"
"UCQsH5XtIc9hONE1BQjucM0g","2012-06"
"UCyC_4jvPzLiSkJkLIkA7B8g","2007-07"
"UCXuqSBlHAE6Xw-yeJA0Tunw","2008-11"
"UCKAqou7V9FAWXpZd9xtOg3Q","2011-08"
"UCHicabXz9rUMWLcdMqBtbxQ","2014-06"
"UC5QA3ePozxshgdIbYafT_fA","2012-06"
"UCHeutVHJLy04ziYbYTy4q5g","2013-03"
"UCvqRdlKsE5Q8mf8YXbdIJLw","2012-10"
"UCCY5J2rdhDZDEWL-wah6jOQ","2014-04"
"UCs8qka8tfhdc69wzXYdtZ3A","2012-12"
"UCs9cbcgCbWXdPxJcEOrcR4g","2012-03"
"UCBy6yIwHdhEEYG_nwHD-tiQ","2012-09"
"UCyEobXxpYV2yOEmQAa6J4VQ","2010-03"
"UCcWl6q7rcJ9WoF_Kwmxg23A","2010-05"
"UCebJXxmGVwRuYJhyNPXj03w","2014-05"
"UCJF4y2nyCCrDKTgA7dxz1Qw","2010-06"
"UCW6BEk2-Ve8SPl9NlVXqz6Q","2007-12"
"UCFqAAh4Tuy_wXWsUAIAVcLQ","2011-10"
"UCNkKHBNLpH-Qc9OiXVU1XmQ","2012-06"
"UCCGiOPUPTlQupYmDMpUxB4A","2010-11"
"UCPde4guD9yFBRzkxk2PatoA","2012-05"
"UCiBr0bK06imaMbLc8sAEz0A","2011-12"
"UCe52oeb7Xv_KaJsEzcKXJJg","2011-12"
"UCuCQXqQLAQuTObCGlTYDE3w","2008-12"
"UCZEbOOiNiR7pjE2Adb7TUrA","2013-12"
"UCgeb24Fw-Hni8VkR-mBtBDw","2014-01"
"UCoLrcjPV5PbUrUyXq5mjc_A","2010-11"
"UCi8e0iOVk1fEOogdfu4YgfA","2011-05"
"UCkR0GY0ue02aMyM-oxwgg9g","2011-10"
"UCA20sxpsvaQkWH9fZoukWJw","2014-03"
"UCcMTZY1rFXO3Rj44D5VMyiw","2007-09"
"UCVEbcFWM43PS-d5vaSKUMng","2010-09"
"UCQMYWynQkK-Q-sd0u2_rF0A","2006-08"
"UCpbG0QvrvdpBAegtY_ebeEw","2012-01"
"UCCsj3Uk-cuVQejdoX-Pc_Lg","2007-07"
"UCXIyz409s7bNWVcM-vjfdVA","2012-04"
"UCZ90tZPn-ue2BmRAcDD88tA","2010-01"
"UCCpmnmVYe2vhot50IBFsT-g","2014-06"
"UCnTJRksbHP4O8JSz00_XRQA","2007-12"
"UC7PbpGeIZSl3FbQ9fwzvm4g","2011-03"
"UCkzCjdRMrW2vXLx8mvPVLdQ","2011-07"
"UCKHhA5hN2UohhFDfNXB_cvQ","2008-07"
"UCBzfdgfIAANfgP3xyhVaEfQ","2006-12"
"UCQNax8LsGh3EiLF4WmNgDZA","2012-04"
"UCzUV5283-l5c0oKRtyenj6Q","2009-11"
"UCyEd6QBSgat5kkC6svyjudA","2009-02"
"UC7_YxT-KID8kRbqZo7MyscQ","2012-05"
"UC7BLRPxLTk6iCusz2BIusyQ","2011-05"
"UCBJycsmduvYEL83R_U4JriQ","2008-03"
"UCvC4D8onUfXzvjTOM-dBfEA","2008-09"
"UCu59yAFE8fM0sVNTipR4edw","2014-09"
"UCL8Nxsa1LB9DrMTHtt3IKiw","2006-07"
"UCCLFxVP-PFDk7yZj208aAgg","2014-04"
"UCYfybUu1hUKRZl3r7FYAgHg","2013-10"
"UCzufaGFZLYnIzI1QXNdk9CA","2014-03"
"UCCUd6vfPvpPHBWZ6XwXAlRQ","2012-08"
"UCCdv8O4SIcISvAW94XdZTEw","2010-01"
"UCcG6zooS9BlSgiT0_ICuD0A","2007-12"
"UCXhSCMRRPyxSoyLSPFxK7VA","2010-05"
"UCmdY1pHB-KbFYxOyhwjVeQw","2010-05"
"UCCCysu6ecuB4TFqzkyxLJaA","2011-06"
"UCg2BAc_LMbbw7pn0BFuKVtg","2014-08"
"UC3C-M-gdn2-muoxQvVAxO-g","2013-10"
"UCJi_befq0YDYJ9fCeyHxJbg","2008-07"
"UCsLU6hQxEYuRSsJIBB-vsfg","2014-03"
"UCC7tqA6lA2QRw4BdrAEKFxg","2009-01"
"UCvRH4-D8PEk2zdyprlWKs-g","2010-10"
"UCMz7JFeTmiO2oJgtmYhpUmQ","2006-12"
"UCOuMB2WSX_7uGEGGjjEeFTw","2013-08"
"UC6oZDJZhFSFjSSHpzkyr03g","2007-10"
"UCERTKUMXl6x8G79BmG6KtpQ","2010-06"
"UCVnu0ZtcaY9bpJgdxAaqagA","2014-05"
"UCpZ5qUqpW4hW4zdfuBxMSJA","2013-02"
"UCfRUa1Z5gTknsMMaKLthZIg","2010-09"
"UC2LOY_zd1ZAc1kZPyzoqhMQ","2010-04"
"UChuulyyrq3ixbxixG0iaAhw","2007-07"
"UCAXvfUwC7SIoC6f2ATpNfMg","2012-12"
"UCuYx81nzzz4OFQrhbKDzTng","2007-05"
"UCFtEEv80fQVKkD4h1PF-Xqw","2011-01"
"UCgJRL30YS6XFxq9Ga8W2J3A","2008-01"
"UCeiYXex_fwgYDonaTcSIk6w","2013-03"
"UC1OFDlfdRb6ma1ZGZd07gWA","2008-01"
"UCcartHVtvAUzfajflyeT_Gg","2014-11"
"UCCgom-QQIOMQPJ42-E8eqdg","2014-01"
"UCCHcvwzj8azK7gUDCjbPMgA","2014-01"
"UCbD8EppRX3ZwJSou-TVo90A","2008-04"
"UCOYX2-hHsEOn6dbTg9mb9lA","2010-03"
"UC8I-UIlXPNS4luC4iV7dRdQ","2008-05"
"UCg1uYO329KcAEN-PQdoQMKQ","2009-10"
"UCJ6td3C9QlPO9O_J5dF4ZzA","2011-07"
"UCDhhn9AA_39lbEK6jiLJbHw","2013-10"
"UCHqibHqO1A1F66jHPvNmw_A","2011-04"
"UCyeVfsThIHM_mEZq7YXIQSQ","2013-07"
"UCIHHYnpaqR8njCYf9fLEgLw","2011-02"
"UCmr0m5RQoEDXQY3hFBIEK3w","2014-10"
"UCrUbqTCagwsaP2Fmr0p1TsA","2012-11"
"UCdNjexbIS_NKJC4ZRwKf9ag","2008-12"
"UCJkWoS4RsldA1coEIot5yDA","2009-07"
"UC6zPzUJo8hu-5TzUk8IEC2Q","2009-06"
"UC8pYaQzbBBXg9GIOHRvTmDQ","2007-07"
"UCsAegdhiYLEoaFGuJFVrqFQ","2008-09"
"UCL-8VPSPGTDkyw7pOVVYgjw","2011-05"
"UCJkBIeTewoQGgtviUe5LH_g","2013-11"
"UCe-gHr2O_LP7t0YJYHZQZlg","2008-11"
"UCOP-gP2WgKUKfFBMnkR3iaA","2009-01"
"UCzoFjzSkbrDD1GHsz2YNLig","2014-01"
"UC4sV96Zpur2FwBcR4E-5e0A","2010-01"
"UC5nc_ZtjKW1htCVZVRxlQAQ","2010-04"
"UCvkvmLBdHodQ-a-6LeYFP0Q","2011-11"
"UCM1Rrngv-XT2yHGxQK1tWUQ","2011-08"
"UCkRY4J8G__K8SEWZRLbke-Q","2014-04"
"UC5wltA9W0r2OSDHj6pit9Cg","2011-10"
"UClnKzwo9CPkYix6V9jK4JTQ","2012-08"
"UCwC1CTWSYnRT8YcuGa-NF-Q","2014-01"
"UCwttCEi9Fq1DgTd5Anil6rQ","2009-09"
"UCFDuHygwf1RyH8j7cBsFObA","2011-09"
"UCBBDztEcBZrYBiE2-Cl_xmg","2014-07"
"UCFopxPIzSmGxO3tlb5cq3RQ","2013-09"
"UCmgwUR8qEQ3O6JfZB_-9WsA","2014-04"
"UCnP-q-qtkyk6dnXSLp0SllQ","2014-09"
"UCxytOEPP99jj8mqVGAO7haQ","2011-10"
"UC9Q0dAjbhv0FbwvoHRSmjxA","2010-12"
"UCAoMPWcQKA_9Af5YhWdrZgw","2012-11"
"UCGcheBSVngQt09ubb0BZyJw","2009-06"
"UCXgfQbfVvYA9G9-Jb9cBSYg","2011-10"
"UCWJ2lWNubArHWmf3FIHbfcQ","2007-02"
"UCjTCFFq605uuq4YN4VmhkBA","2007-01"
"UCBbfh65QEsK9UwEQpTmM_oQ","2012-02"
"UCQRsSpALkBcdRks8IyOE9nQ","2014-03"
"UCaf5ipwBDdTcsV6KInx2EkQ","2014-02"
"UCqFMzb-4AUf6WAIbl132QKA","2006-11"
"UCFybDyeFlJCPYGcNJROrOZw","2013-02"
"UCww2zZWg4Cf5xcRKG-ThmXQ","2011-01"
"UCwnro7pVC3fDjVavLT_LAjQ","2007-08"
"UCS3VJQpFmLbBd5qsWci9KPA","2014-02"
"UCEORB2erQblq7nNTklPdE9w","2014-11"
"UCtihF1ZtlYVzoaj_bKLQZ-Q","2011-03"
"UClu474HMt895mVxZdlIHXEA","2013-10"
"UCeC_8IujSypd1ZK_Rm1Yt8w","2010-02"
"UCYwDp3hlpvvUNY--qI_lpLg","2010-05"
"UCt94dhpYV06IMOTXcGXt3eQ","2014-11"
"UCWSuUgXtU4wgg_L7mE0_0lQ","2013-04"
"UCTZkycLVSYOvB7mhhhkRnuw","2014-08"
"UCpb_iJuhFe8V6rQdbNqfAlQ","2012-03"
"UCz0Qnv6KczUe3NH1wnpmqhA","2010-05"
"UCqX8hO4JWM6IJfEabbZmhUw","2013-04"
"UCNhxq7He5p-_FdBh0OaxcQg","2007-05"
"UCvnCDhh9gtyky_thhnNrhTA","2011-04"
"UCKFIi1uWM9BCMb7O_GyvBsQ","2013-12"
"UCMZh9kMjQ6Yc_JuCNIp1UDw","2010-06"
"UChpihrq2RRLyzgLtpcoMVbw","2010-04"
"UCoOF5TJFkopCBciv05LLfCw","2014-05"
"UCawK_iO6A0kA9J-IGF56nGQ","2014-04"
"UCyd8nXAyK4_tHfM98KOxQ6A","2012-02"
"UCoxcjq-8xIDTYp3uz647V5A","2011-10"
"UCRXXQgZZsMIxXpFncK019DA","2013-07"
"UCe0WYC4JoWndJ48PK1xRuJA","2014-02"
"UCME81PohuzT1JMCsEtvsD2w","2008-04"
"UCMC76gnod0teGEDlpt3IHwA","2014-07"
"UCpuCos88YFmYxjHamHhEJhA","2010-10"
"UC9ckyA_A3MfXUa0ttxMoIZw","2010-03"
"UCFeUyPY6W8qX8w2o6oSiRmw","2014-02"
"UCKab3hYnOoTZZbEUQBMx-ww","2011-03"
"UCuxp4oKCiK7XB9fS12C0TSQ","2014-08"
"UCU3V6u-NFi4TshSXiaWxQbA","2014-04"
"UC2rioA4YYH4kv2PQOXnpW7Q","2012-07"
"UCBHNpZdf3he6kvzyescOBAQ","2013-03"
"UCZhkUguiTBJVZrrdMSjLbsQ","2009-08"
"UCbYUa_MhIQFoS1i0xaNDjTQ","2012-10"
"UCxOGHW-aqciBe5Wjq8ltzOg","2008-06"
"UCzWygEC8zQKYpCp7nwX_M-A","2011-01"
"UCO85ZdttYa8r2dXMDC_KlxA","2010-02"
"UCmQRypK6kAcujJAlYZpFW8Q","2008-02"
"UCP9UbyolDGFwElD1vg0oOiA","2010-08"
"UCKwGZZMrhNYKzucCtTPY2Nw","2008-07"
"UCaIM6y9YvfUb_IxS2reKsqw","2012-08"
"UCUgXK2UjZ8G_EM438aYkGrw","2013-04"
"UC6K3k5O0Dogk1v00beoGMTw","2013-06"
"UCmv1CLT6ZcFdTJMHxaR9XeA","2012-01"
"UCZq427EjGqUbV6pZIjEKkgg","2009-05"
"UCrjlKkKTAyNn6gekRM3p0Aw","2012-03"
"UCoZoRz4-y6r87ptDp4Jk74g","2013-11"
"UCPtLtJEoVSzd-zMlZaluxEA","2010-10"
"UC2hOXNpqlIaPB_aAozzl2XA","2013-09"
"UCddYq41_tZ1FnLlguLT6-Ow","2011-06"
"UCKqSXA4MMqy78XuPT0PX8TA","2013-01"
"UCYYWb4JJpGZt7XhL9qxD2Tg","2014-03"
"UCoNoB5_bbbmvVrlOoePltSA","2013-03"
"UCYEN_02bh7qwK3buMSpws7g","2014-04"
"UC736wpHH44mdw-lhKTy89ZQ","2014-03"
"UC1VOZroPEnEaDDEqnMtdgiw","2008-08"
"UC-lHJZR3Gqxm24_Vd_AJ5Yw","2010-10"
"UCwPRdjbrlqTjWOl7ig9JLHg","2006-04"
"UChYU73igK5wQhWAXPh3X8PA","2011-06"
"UCsW36751Gy-EAbHQwe9WBNw","2008-08"
"UCh0wrs-8ywjgZO7flfSmlqg","2011-12"
"UCqwGaUvq_l0RKszeHhZ5leA","2007-03"
"UCAAszizDDdScfqclAybLiEA","2011-07"
"UCffdZGxiVRy3i9EaZF4m0wA","2012-05"
"UC-2Y8dQb0S6DtpxNgAKoJKA","2008-10"
"UCVitMxMDE1s_Si85Gw0Y19g","2011-08"
"UCFETBNtL5hZ9o2tXk18NTnQ","2012-06"
"UCO_vmeInQm5Z6dEZ6R5Kk0A","2007-10"
"UCnB5W_ZJgiDFnklejRGADxw","2007-09"
"UCdknlZNiH-2VWrvjXkx9dJA","2011-07"
"UCjxq8PsQ_On_-gI5LqNoVzA","2012-07"
"UCzZ1I1j--g9sFVB-6-1yzWw","2011-02"
"UCpGdL9Sn3Q5YWUH2DVUW1Ug","2012-05"
"UC_BaxRhNREI_V0DVXjXDALA","2008-04"
"UCEWHPFNilsT0IfQfutVzsag","2012-08"
"UCWoz_TnrzA2szo5nuJT1enA","2013-11"
"UCORIeT1hk6tYBuntEXsguLg","2009-04"
"UCZWlSUNDvCCS1hBiXV0zKcA","2010-04"
"UCWm2S7ITZZPd2_UzMvBSshg","2013-01"
"UCgefQJC5UgbWJHDxBqB4qVg","2009-11"
"UC70Dib4MvFfT1tU6MqeyHpQ","2013-01"
"UCnkd_jcJjIFOXLZC6M2Sjxg","2009-02"
"UCSP83kLuC54Rz5EOr_a-Q1Q","2013-01"
"UCPrbArysdf6neOcQPaxzxFg","2013-03"
"UCQuSMKcwirmoLvzR4qlKjoQ","2008-02"
"UCR-QYzXrZF8yFarK8wZbHog","2006-11"
"UCNTHi7T0rSRhjZ6pvXxuioQ","2010-12"
"UCyl9jVeAMwfJGK0vHmp1iqw","2014-01"
"UCUS_IE2XRoSvAiaKzOql21g","2008-09"
"UCEXreSptvV-uIrs4JcX4upw","2012-10"
"UCn-WnIG_oFOd11uKHESF_9w","2011-07"
"UCxcjVHL-2o3D6Q9esu05a1Q","2008-11"
"UCX9_Ks1MXuwXCmtt0fOFsxA","2011-12"
"UCdAeRRjq6vjnAkxatZVxxxg","2014-05"
"UCpwvZwUam-URkxB7g4USKpg","2007-05"
"UCsP3Clx2qtH2mNZ6KolVoZQ","2008-07"
"UCx8LIRh6VuPamPrqYDNF2QQ","2011-10"
"UC2mtXUpAYLYJIZ2deSPhlqw","2009-12"
"UCFU30dGHNhZ-hkh0R10LhLw","2011-09"
"UCxhPXCaIGhyt2HOrJkoVuGA","2012-09"
"UCWxjmBr_YcW-MHb6rqd1Ygw","2014-06"
"UCiNANhNp8yGjuRuBld0YOlw","2012-04"
"UCdDjyRMkXnZ1I436bf4BMGQ","2014-06"
"UCtHimY-CLBNM_Rn79-T7ZQA","2014-03"
"UCB0d0JLn1WcGYcwwZ87d2LA","2010-12"
"UCWV3obpZVGgJ3j9FVhEjF2Q","2007-02"
"UC14nwA6euJoytshwDMJZajg","2011-04"
"UCAFviUOT4k8mlwxvnvAn8sQ","2014-06"
"UCblfuW_4rakIf2h6aqANefA","2008-07"
"UCvFXXIn7yfM297YIycnFDWw","2012-05"
"UC-k-Rld-31VU588OAEWC0DA","2013-02"
"UChX2haJZZJOtIIrdqLPvQWA","2010-09"
"UC5x9HgKtKJKW61AF531hUoA","2013-06"
"UCJHroOyfde4rZLTL2Zmk1UQ","2011-04"
"UCBxs6sUSOJ3UUATAi4rp30w","2010-06"
"UCi25Xdk-495BahMAAgKHXQA","2013-08"
"UCgPYOLbcgxSBCAmlaihQyMg","2008-03"
"UCLVVBWrp9jw4-SYUoU42hcg","2011-02"
"UCr-rCvgg21KqfrnGopaQeGw","2013-01"
"UCBaxgHbxxRGhvVxx3bniTqw","2013-09"
"UCLvBQc5EMnZbfjrU4EFUxqw","2014-07"
"UCDsO-0Yo5zpJk575nKXgMVA","2006-02"
"UCWvdu_1P8FWLNx_QhGrwAyQ","2014-05"
"UCF3K1Jf8hjFW8qliei8fQ3A","2014-03"
"UCnOVVuoLJ_1YY8A0V802wHA","2010-05"
"UC-SV8-bUJfXjrRMnp7F8Wzw","2013-08"
"UCTPwDb0sagyEp8n36yWUdPQ","2014-03"
"UCzH3iADRIq1IJlIXjfNgTpA","2008-05"
"UCjwmbv6NE4mOh8Z8VhPUx1Q","2011-04"
"UC6SONgSg4lR9v5-neA4DL1w","2014-04"
"UCNhqvQMXIgRfjAGmxQqdNRw","2012-01"
"UCJY3eGNWSFRi5YnQiUyIgRA","2011-05"
"UCV-iSZdmPWV9pq-t-dlYzQg","2012-09"
"UCgef_fFE9FEFZGQcHqp9aZw","2011-12"
"UCDF_NIAEkcAUvzxe1DUzaQA","2012-11"
"UCLcCpNY-zaL3vEERD5rh5Ew","2011-03"
"UCaMaKqlQl3XrQNh5Fysf0rQ","2014-07"
"UCW3T8dQVEynwj6-_DArcM7w","2014-04"
"UC5aeU5hk31cLzq_sAExLVWg","2012-12"
"UCswH8ovgUp5Bdg-0_JTYFNw","2012-06"
"UCmPSwsooZq8an7xOLQQhAdw","2007-07"
"UC6-F5tO8uklgE9Zy8IvbdFw","2009-07"
"UCxJrnvfqSSvly5hiq2Fe68g","2010-01"
"UCcOYEm78CpaZQvPE6LtoSeA","2011-01"
"UCpEhnqL0y41EpW2TvWAHD7Q","2009-07"
"UCfs7cAZPhEjjDUBFeYOELug","2013-03"
"UCJZ7f6NQzGKZnFXzFW9y9UQ","2008-10"
"UCEf_Bc-KVd7onSeifS3py9g","2011-05"
"UCsRIHt5FkbGc6cQtCxt-ufA","2013-06"
"UCfyehHM_eo4g5JUyWmms2LA","2010-05"
"UCzq3sPpeNtk8zhez8WnWLHw","2009-04"
"UCOY3VWW4NGQAue_rqTBtdhA","2011-10"
"UCWeg2Pkate69NFdBeuRFTAw","2011-03"
"UCke6I9N4KfC968-yRcd5YRg","2010-09"
"UC2dBZuI6gS-jv7PCIDXkXag","2008-07"
"UC_39VhpzPZyOVrXUeWv04Zg","2009-02"
"UCyRJT1Crn3uwKJ4VHHr0CBg","2011-06"
"UChO7xlACgCNpOOIA3Wk6MVQ","2011-03"
"UCzZRyclB-vV2KHBgE7ZV3sw","2009-05"
"UCj5WaQjidIovKdKx2-hCtuw","2010-12"
"UCWwgaK7x0_FR1goeSRazfsQ","2010-08"
"UCVfQkDXSIQwHLsaKf-kVVYQ","2011-11"
"UCSoIuziwZeoV5bAFEr2I-Hg","2011-10"
"UCnEdfCdbxJJ9ouWKLSRCRRw","2008-04"
"UCVxotPxp9JUc4wBWmdyXhYQ","2011-11"
"UCb95GzFiBNC8LgSh7Lituuw","2011-06"
"UC-Qq6lh7rkV1KqV9WjmRNgQ","2011-08"
"UC2C-970d2o-YGLPqsG6FcWQ","2010-02"
"UChm_03-6BrDwBi5cEizOwPA","2010-12"
"UCmEO8Dcky7tUZaK2Gcw8sFg","2014-10"
"UC0YvTCy1I4_a-3pn47_5DBA","2013-01"
"UCJatXmy5PyaZ6gFs-NEAFWQ","2012-11"
"UC7RCGWVd4j_WxIGalDkVi0w","2009-05"
"UCZYTClx2T1of7BRZ86-8fow","2011-12"
"UCv-Or279OlKoOTvbUPkcWTg","2012-12"
"UCOpcACMWblDls9Z6GERVi1A","2011-01"
"UCB9_VH_CNbbH4GfKu8qh63w","2006-03"
"UCq54nlcoX-0pLcN5RhxHyug","2009-08"
"UCldfgbzNILYZA4dmDt4Cd6A","2008-04"
"UCg4nOl7_gtStrLwF0_xoV0A","2012-03"
"UCJY9FpmzuNm59D1RMuYcABg","2006-04"
"UCoookXUzPciGrEZEXmh4Jjg","2006-01"
"UC8iOxoMyDKmcVO8TL_20kyg","2011-08"
"UCj2HtBTppiQLVrZfEjcFxig","2008-11"
"UCMpOz2KEfkSdd5JeIJh_fxw","2010-01"
"UCUivAKzCJSsiauUah1Y7TLQ","2012-12"
"UC5ysD5TL5WG7_pZLg1Q3sUA","2014-04"
"UCZUl92pJpNbvdQDPGOQ6xCw","2012-10"
"UCIRgR4iANHI2taJdz8hjwLw","2010-01"
"UCH6vXjt-BA7QHl0KnfL-7RQ","2008-03"
"UCFns-k9UgOhVRnKHdynzU2A","2011-04"
"UCwTRjvjVge51X-ILJ4i22ew","2013-01"
"UCH9ciCUcWavMsFcAJtLUSyw","2010-03"
"UC4FVKG3QEgghwbnPDtfC1-Q","2015-01"
"UC5EKlflss5IVgIfI4-sjd9w","2011-04"
"UC_TVqp_SyG6j5hG-xVRy95A","2010-06"
"UCKlhpmbHGxBE6uw9B_uLeqQ","2011-03"
"UCoMdktPbSTixAyNGwb-UYkQ","2007-06"
"UCE97AW7eR8VVbVPBy4cCLKg","2010-07"
"UC89aNJlaople1Mxq4dYfyGA","2010-05"
"UCXC9lF62GFmMogWg20ValHw","2014-05"
"UC1T-ZwcYVQB6EpqOQD10tmw","2010-03"
"UC6107grRI4m0o2-emgoDnAA","2007-01"
"UC0u9FKn2vM0HRhQx_eI5qwQ","2011-11"
"UCY30JRSgfhYXA6i6xX1erWg","2005-11"
"UCYJPby9DRCteedh5tfxVbrw","2006-03"
"UCJ2ZDzMRgSrxmwphstrm8Ww","2012-09"
"UClhH1jBUJDBsDMB7xe5D-mA","2014-03"
"UCm-rJAkz2CmvzipUF2GfDCA","2014-02"
"UCZLpYvytvI4PZCs4gmtzqgQ","2012-11"
"UCiliG5VxHNHJR4ooEW0R0dQ","2013-09"
"UCJpMgSf3OM3nJplxEnadV3w","2010-06"
"UC56gTxNs4f9xZ7Pa2i5xNzg","2009-10"
"UCz97F7dMxBNOfGYu3rx8aCw","2007-10"
"UCoOx45FcGxN7sI2xQakj0EA","2012-02"
"UCYne4N06sHVhRBXS0Lq5D8g","2007-07"
"UC_gE-kg7JvuwCNlbZ1-shlA","2011-12"
"UCuCLhzmx0AGnsViXF0Q44tg","2013-05"
"UCmtQGojT9O2LVzVIVKDGEjw","2011-11"
"UCOsyDsO5tIt-VZ1iwjdQmew","2012-11"
"UCE7j747UY0ICJv9hZrDlxBQ","2014-05"
"UCpDJl2EmP7Oh90Vylx0dZtA","2007-07"
"UCW7ck0jRwnXqmShjGdsaoPA","2007-05"
"UCr8DuGAxtCxaKbnouZYBR7w","2013-04"
"UCB4BRxXp2TsMCe8kU29h3Qw","2011-02"
"UCmqfX0S3x0I3uwLkPdpX03w","2008-11"
"UCa0ZcLPHL2QY1p1xqBCYedQ","2009-09"
"UC0kLTLosqh6GH6L19I-3EgA","2009-01"
"UCa8xjJQ3lRRoUKOFJrmUZXQ","2013-08"
"UCR2lg_YchvWGbpMxHg-EIgg","2011-09"
"UCJIMS94jwjEmvnsNqkH_KUg","2014-05"
"UCZ8kV8vuMdDLSerCIFfWnFQ","2012-11"
"UCgqDuPJqrvWZlMau9g1amTA","2014-01"
"UCw0N2zPZlYsrUcVIJkI6mBA","2008-07"
"UCLsooMJoIpl_7ux2jvdPB-Q","2006-09"
"UCCFvB7uMIGYE9zOPim66cSw","2014-10"
"UCGS474QoP8SCnSo6hOCaayA","2012-06"
"UCXLw_h6bFfPOKbDJXDUjA-Q","2013-01"
"UCbLXfrb6dT54QtedNWXY2AQ","2014-03"
"UCmk5QB4JE-RT3ig4kvtVYxg","2013-05"
"UCYv_csqWJTSfQK3vOZDJKQw","2011-05"
"UCq-Fj5jknLsUf-MWSy4_brA","2010-12"
"UCNEZ7cqaZzYLeyWfTkelkEA","2008-02"
"UCAuUUnT6oDeKwE6v1NGQxug","2006-12"
"UCsooa4yRKGN_zEE8iknghZA","2012-03"
"UCsT0YIqwnpJCM-mx7-gSA4Q","2009-07"
"UCK7IIV6Q2junGSdYK3BmZMg","2006-07"
"UCOp8wkVqdrWbFYHjDv946QQ","2006-02"
"UC1WEOQjm8tyT1pXY6xaoYZQ","2012-06"
"UCfxN7O1NzZqoGBCJi6V6wpA","2013-07"
"UCe1T7EkHIHvOIWBG1Om8xHA","2013-10"
"UC48h7Dst_hX82HxOf3xJw_w","2014-06"
"UC5nwNW4KdC0SzrhF9BXEYOQ","2010-09"
"UCw5pE2GElcHeErKVyF76jjg","2011-09"
"UC5A-Wp9ujcr5g9sYagAafEA","2011-06"
"UC8vXGfLggx4CAFsr2i0IoRA","2013-01"
"UCy9xDEfMD8jrXU3NatFLLtw","2010-11"
"UCBYep4DVyRjdnvBmzecTrpw","2009-03"
"UCm3hAp1m1xlAz0ve_EKAo4g","2011-06"
"UCrIIH7yHQugaUuoTZDoEUuQ","2009-10"
"UCkDbLiXbx6CIRZuyW9sZK1g","2009-10"
"UC4qk9TtGhBKCkoWz5qGJcGg","2011-04"
"UCBkHxU4e4bT_q5UxhYfsGjQ","2014-03"
"UCjBO43ykxlSs3j7F7EXcBUQ","2011-07"
"UCi7GJNg51C3jgmYTUwqoUXA","2010-08"
"UCmlsu3V3SzIm2Jmo0S0qiMg","2009-09"
"UCpT9kL2Eba91BB9CK6wJ4Pg","2010-12"
"UCR0AnNR7sViH3TWMJl5jyxw","2007-06"
"UC0vBXGSyV14uvJ4hECDOl0Q","2013-01"
"UCm7L2pRYZSTATOn8jzf_TQQ","2013-08"
"UCKyU-wd-KY4PMOcOpPQgQcw","2013-04"
"UC7yWixTW3dmfeXNsTxx8Ajw","2013-11"
"UC740ilqsaYlnp0CFdYQoowA","2012-10"
"UCHH9FQBvo3X4Vmf78c0OASw","2014-06"
"UCVsTboAhpnuL6j-tDePvNwQ","2011-03"
"UCgRvm1yLFoaQKhmaTqXk9SA","2013-10"
"UCiDJtJKMICpb9B1qf7qjEOA","2010-03"
"UCLcVrMNmnc3wnjm5IbZ8vgQ","2014-12"
"UCgF0OC_3MlW2KEyhhAgIQjA","2011-10"
"UCvLaRcvwQq4RCX-ER_zEG5w","2012-06"
"UCuouUWCLmpG4Dje3Ay0p1oQ","2012-08"
"UCvsye7V9psc-APX6wV1twLg","2008-02"
"UCjNxszyFPasDdRoD9J6X-sw","2007-01"
"UCVq1Crat76rKsgu6WosKwmA","2014-02"
"UCq3Ci-h945sbEYXpVlw7rJg","2012-10"
"UC6S0jAvcapqJ48ZzLfva12g","2009-03"
"UCojyGFb8W2xxSsJ5c_XburQ","2011-06"
"UCo_IB5145EVNcf8hw1Kku7w","2009-08"
"UCdFzLvGttlTNLAEKWU_1wAQ","2006-03"
"UCjvqqA-Eogozfm244OhUESw","2011-12"
"UCA4moEoWVOmDUuCP_lyKuMQ","2014-11"
"UC_pZxiIq8BRJwG55Wt83WOw","2013-09"
"UCERmUv0brIpW1JEBbEtNGdw","2013-03"
"UCqnbDFdCpuN8CMEg0VuEBqA","2006-10"
"UCAOtE1V7Ots4DjM8JLlrYgg","2013-10"
"UCPIvT-zcQl2H0vabdXJGcpg","2012-03"
"UCUK0HBIBWgM2c4vsPhkYY4w","2010-10"
"UCPgLNge0xqQHWM5B5EFH9Cg","2007-10"
"UC8-Th83bH_thdKZDJCrn88g","2012-04"
"UCddiUEpeqJcYeBxX1IVBKvQ","2011-10"
"UCpdK1NLHxEUGXc1gq2NxkTw","2012-02"
"UCsaKxIA9snv1Wrh_sw1DFvg","2014-03"
"UCtBhha6b6npaPRMzVFGt5sQ","2012-01"
"UCdIRIVIc9JMnWzkKFettP8g","2006-03"
"UCYxRlFDqcWM4y7FfpiAN3KQ","2009-01"
"UCEY1ejsweY4DgMwOVJeEaBA","2007-08"
"UC1yBKRuGpC1tSM73A0ZjYjQ","2005-12"
"UCKZGcrxRAhdUi58Mdr565mw","2012-08"
"UC4f1zAG2BTkfOQV4_nFbpBQ","2012-07"
"UCuj1Ms9_LCsQPSJ4p8nvOVA","2011-04"
"UCFBcrywVNeUOqtJgGhPEvQg","2011-11"
"UCyJrhZm9KXrzRub3-wD2zWg","2012-06"
"UCfWqafyV4h6S_U_QpjT-6Ew","2011-03"
"UCQMFJQrFdtsYuJvCRQj1zDA","2012-12"
"UCS5Oz6CHmeoF7vSad0qqXfw","2012-07"
"UCp0hYYBW6IMayGgR-WeoCvQ","2010-09"
"UC44eGZ76AJLHAxPaJ_MW2RA","2012-01"
"UC0v-tlzsn0QZwJnkiaUSJVQ","2007-06"
"UC_4S7M87Wl_uE9tBtrxA_NQ","2013-01"
"UCXlfi8sf6cKGQ8sOd0-yRuw","2012-06"
"UCC83eap-hc6uFQHRJ2F2LNg","2011-01"
"UCdxi8d8qRsRyUi2ERYjYb-w","2014-03"
"UCp1JDmORpR7wxtvCijaSF8w","2012-11"
"UCgeGealT0QYcrnoYRMltDZg","2009-08"
"UCudKvbd6gvbm5UCYRk5tZKA","2012-12"
"UC1ieoHqKW-yYgDhLHIcx28w","2010-09"
"UCUR_q3i5yONr9BghspQzqyg","2012-09"
"UC4LHNX8d8RqnDX0OezgmCTg","2011-09"
"UCT-LpxQVr4JlrC_mYwJGJ3Q","2010-03"
"UC37BPLRnJzSuPwbV07F2PUQ","2012-11"
"UCdUdP5BeOsua_j3u-0ZbL5w","2011-03"
"UCPT9_sNLoBLjH1uea7zpVIA","2010-10"
"UCTpwJfKOMcaGOrVdccjnbQQ","2011-10"
"UCFsLoO2fFWI4cvh3KAXKn0Q","2014-05"
"UCBMxQPhfM6nkhQ8vPfQhkCg","2007-03"
"UC9obdDRxQkmn_4YpcBMTYLw","2013-12"
"UCKy3MG7_If9KlVuvw3rPMfw","2012-10"
"UCyQobySFx_h9oFwsBV0KGdg","2009-03"
"UCaDY8WjYWy36bnt0RVzSklw","2010-11"
"UCSWRu9m-HZANpMBBQuEf14g","2013-01"
"UCMyUqzl_H5d7deS7GHzvbzA","2014-07"
"UCfwMtPbRx38cg7qoQJ0iUlQ","2010-04"
"UCOYWgypDktXdb-HfZnSMK6A","2007-04"
"UCNrfpyNlkBW63rgTwX1fGgw","2011-07"
"UC1fzsH0I-YbOwOJGHENaeQw","2014-01"
"UC7ZwhDs6jpReQrnKq4NUo6w","2013-12"
"UCPv4x_sLkl8tsBCS--aoASQ","2012-12"
"UC-fS05Wyc-t7zHAhCf1IZcw","2013-11"
"UCNhzTWAd0xJqc-4lhdywhxA","2013-09"
"UCZGNMhT5uNJjL8zNF5tNZsw","2013-12"
"UCt-WqkTyKK1_70U4bb4k4lQ","2013-01"
"UC778cAEgKGDmh-teUWdg-uQ","2009-12"
"UCjOl2AUblVmg2rA_cRgZkFg","2008-08"
"UCtg5C-d_3rPUgMaxr285mQQ","2014-05"
"UCfTUswmQObxF425UD48Paig","2014-06"
"UC9nQ7miOaueVvDIF5bpc38w","2012-08"
"UCA0-tJIG3bDQKoU8nh79Vkw","2008-03"
"UCdAr9AvTbNm6M7nGNsornBA","2014-06"
"UClR4-wFdn2IHqlYaEpsKIpg","2014-04"
"UCC8_YRJ7psy7uL1cTu1fPTQ","2013-11"
"UCLF-kfM8ZxHQ9lW_lpu_thw","2009-03"
"UCu2Nnh9SBz5ax3NQFEnInyg","2010-11"
"UC1pOTJteEef10zJM0cHs4iQ","2008-07"
"UC8Psc5qqim_IMAKH0nURr_A","2013-12"
"UCwjoPtSoNLAoX2sLBaKLYng","2013-04"
"UCax-4TdDh3oetlyh-GoL7UA","2013-11"
"UCBoXjMgqTNDcY395KJQkSRw","2010-11"
"UCkpS96fmTFa8gGVWJx2uVAA","2012-11"
"UCmh0HDSxGTWjcll5mcfEhGA","2010-07"
"UC65afEgL62PGFWXY7n6CUbA","2012-10"
"UCa10nxShhzNrCE1o2ZOPztg","2012-10"
"UC7DpParfqYQEbFGt5eTX5pQ","2007-03"
"UCzN_QwrNpAMWxVIjZKKSkPQ","2013-12"
"UCjKz90jYr_0-A6CTQiWMESw","2013-10"
"UCWcrr8Q9INGNp-PTCLTzc8Q","2007-11"
"UCsQnAt5I56M-qx4OgCoVmeA","2013-11"
"UCeUYwh-WiIoG47ECQvQxKsA","2010-07"
"UCH0i7KfVUWJTrrgwyIltJMA","2011-11"
"UCtxMrki2fnCPG3GOX4kyINg","2014-03"
"UCSK1_qvsEuTNZnvLQvNRLGQ","2011-03"
"UCe2lzwsff4Jr-CrMxDVVF5A","2012-04"
"UCD-aHqZMn6eU1zA15md1I1Q","2013-11"
"UC8jlKhHClMUO3kkL8ppK8Bw","2008-09"
"UCFYfgFdzvo6Knz1GfP5toGQ","2011-10"
"UCvVuqRzGVqRlmZYlTf99M_w","2007-10"
"UClrEYreVkBee7ZQYei_6Jqg","2009-05"
"UCvgfXK4nTYKudb0rFR6noLA","2007-01"
"UCl2aT0nRejTCQO_LHZAftBw","2008-04"
"UCRDrPY1NcBSjut1q65-Ydbg","2012-07"
"UCLj9FG9lupCV-sRdfGx6DWg","2008-02"
"UC-XXmB9IHCUdteHjgmmsaeg","2011-07"
"UC22TOQWJue006Lp6DB5QhDA","2008-06"
"UCf574zNwJnOr_1qdoT7tdGQ","2012-05"
"UC4rasfm9J-X4jNl9SvXp8xA","2007-06"
"UCsTcErHg8oDvUnTzoqsYeNw","2010-12"
"UCq0OueAsdxH6b8nyAspwViw","2009-06"
"UCDF_b2O1L_z9YG8_PnCv0yg","2007-07"
"UC32TdiIsh_5X8tKr_9rKQyA","2012-02"
"UCam8T03EOFBsNdR0thrFHdQ","2012-02"
"UCZaT_X_mc0BI-djXOlfhqWQ","2013-12"
"UCRdD55JrlRDzHeec3bKrH4g","2010-07"
"UCDlMDG2j7XQQfvM3jp8nBZQ","2012-06"
"UCfxbE4_BAlry2GFoNLDXPRA","2014-06"
"UChxaVQzXj3noXD5QHBWXfEg","2014-02"
"UCbVVazARh3MouLsUayKUXDQ","2014-06"
"UCKqH_9mk1waLgBiL2vT5b9g","2011-10"
"UCC-WAxNanxTjOkT-fGioVMg","2011-10"
"UC5VnC5l4dkFR0oVaPL_en2A","2013-01"
"UCHnyfMqiRRG1u-2MsSQLbXA","2010-08"
"UC3jpAnAQESbKVaLObz2aWCw","2013-02"
"UCbnJMCY2WSvvGdqWrOjo8oQ","2012-08"
"UCs0upBDG-dCAxy8_VDPE5XA","2012-02"
"UCZ0sPVpWCvQ4oEycxTFUdCw","2013-09"
"UCbg1xn1JhBqKpL2M6xi5-0A","2009-01"
"UCvrhwpnp2DHYQ1CbXby9ypQ","2011-07"
"UC-lJ-F5mlPP6SYPkkq6gjwA","2011-10"
"UCvwgF_0NOZe2vN4Q3g1bY-A","2010-06"
"UCmbnlwXAdGYACzvStDjquaA","2012-06"
"UC2PgM2cakYLh_m90pctX5xA","2009-08"
"UCy0S4ABTUfuGaWpTeSflHLQ","2014-09"
"UCvqKb7KRw1vbkYiJihoYE8w","2012-05"
"UCOpUWgNJq1kUlB3Z5KM7X-A","2013-07"
"UCEk8sB5zrlcxX0eulXuJOMA","2009-11"
"UCk_5HwLfgy-eALpm879J5Ag","2012-06"
"UC1KPy3cAAj0i0RIFC_SzjMg","2011-08"
"UCIeNlITYK46VkR7yIuTL8GQ","2012-05"
"UCLXo7UDZvByw2ixzpQCufnA","2014-03"
"UC6nSFpj9HTCZ5t-N3Rm3-HA","2010-06"
"UCqmugCqELzhIMNYnsjScXXw","2010-12"
"UCjtLOfx1yt1NlnFIDyAX3Ug","2012-07"
"UC9QCCu-gIHaJq9XBTVY741g","2009-09"
"UCRuBkiFbpucsmlw6EysD0RA","2014-05"
"UCkUTw3sAGPlNMYLVSq5aB4g","2014-08"
"UC-yXuc1__OzjwpsJPlxYUCQ","2013-03"
"UCJ5v_MCY6GNUBTO8-D3XoAg","2008-02"
"UCVk90Gy_bAnKfyeyEbH3-nw","2014-06"
"UC_976xMxPgzIa290Hqtk-9g","2009-07"
"UC8huWhDjI8UJK4bqo8BJ9WQ","2010-01"
"UCjmJDM5pRKbUlVIzDYYWb6g","2009-05"
"UCbxjDfYwfF8RjYBp5htJ38Q","2008-09"
"UCNZXFLZCpYbi_AfmuQdNCLA","2013-07"
"UCaWd5_7JhbQBe4dknZhsHJg","2007-04"
"UCP7pzZvwDZEEDCctFPNTV4g","2013-09"
"UC4MD5ujf1pPSQOx0iedibhA","2014-03"
"UCzVIrPfZBE-XkBISBybMBLA","2007-03"
"UCubOJL-OS1UnYpsZVKboAxw","2010-04"
"UCxms7gKBHz2cs6VSSza4YgQ","2012-07"
"UCNyJk0eoESO3CxAmrktAB5w","2010-09"
"UCixvwLpO_pk4uVOkkkqP3Mw","2006-07"
"UC2GYlKSMFgAPqVZoFyw5Itg","2013-08"
"UCjx_CE53W9mPVO7_nVCTTkg","2013-10"
"UC8rNKrqBxJqL9izOOMxBJtw","2010-09"
"UCoDFcx4kSN68yf6SQ5RY_UQ","2012-06"
"UCeiBi8gptAwNoIHrZ3OUUbw","2006-06"
"UCICPT361YqWLKV7dG44ygrQ","2014-03"
"UCVp3nfGRxmMadNDuVbJSk8A","2008-07"
"UCjxq9YFOGXx_wPr5Z8jidEA","2008-10"
"UCOPYfuB--fFoeU7eUM46LLA","2012-05"
"UCwMAOmsaV01kh10BV6QBouA","2014-03"
"UChuLeaTGRcfzo0UjL-2qSbQ","2008-06"
"UCpH_Gn_vWj-MQUlYfTp6BGA","2014-03"
"UCt7sv-NKh44rHAEb-qCCxvA","2011-07"
"UCBWaR6y4B2Ca8KXg-80suJA","2012-08"
"UCDwujczvdxbbVHg-V4-kC-A","2006-12"
"UCxVbAgOxi2HtYFmptzvILrA","2009-02"
"UCH-_hzb2ILSCo9ftVSnrCIQ","2008-07"
"UCbTLwN10NoCU4WDzLf1JMOA","2008-03"
"UChlgI3UHCOnwUGzWzbJ3H5w","2013-07"
"UCBMvWaA97BAegvJ_Hz6Vwuw","2011-07"
"UCj4I9NfO3xIvl-Ym2Qzib1Q","2012-02"
"UCW2OUlFrrWiZvSsZRwOYmNg","2010-01"
"UC0tBaAQC0SIWnQv5JhoobZg","2012-01"
"UCBNs31xysxpAGMheg8OrngA","2010-07"
"UCzNhowpzT4AwyIW7Unk_B5Q","2011-01"
"UCE3qZH8ltYwmQDmm5uinPXw","2012-12"
"UCFFbwnve3yF62-tVXkTyHqg","2014-03"
"UCIvaYmXn910QMdemBG3v1pQ","2009-10"
"UCrkSGDjXXzkQYu2GGrXVEXw","2012-08"
"UCWRV5AVOlKJR1Flvgt310Cw","2009-12"
"UCKqx9r4mrFglauNBJc1L_eg","2014-05"
"UCh715KhLM7vbOwozSXLWI_w","2011-06"
"UCq-ob73jZBpfgKkd1Pn_H4A","2014-04"
"UCuLUOxd7ezJ8c6NSLBNRRfg","2011-04"
"UCaQHxlbPAmh7VWRudyRkwjw","2011-06"
"UCCiSF-QXf948TJ_sYjMPcNQ","2010-04"
"UCOtVx4fNTxO2nqeP8WKeV_w","2012-04"
"UCskAt0JUUCrHqutdfLXSb-w","2009-05"
"UCkLXELm63_pH7L-r-548kig","2010-11"
"UCOD61z-vlytlhJDKje5zNPw","2013-12"
"UCok_yhjwg4WSx3s_2Yh8ZjQ","2010-07"
"UC8jZB1wfX7ku_QqNJ_s3KhQ","2010-08"
"UCdmY7-vlZ3zx3oJdKSGfd-Q","2013-07"
"UCf8w5m0YsRa8MHQ5bwSGmbw","2011-04"
"UCRYASwREzEOEptJLi4AY6tw","2009-04"
"UC1oPBUWifc0QOOY8DEKhLuQ","2008-10"
"UCjlRdZDuo2UW_TZu_0FvoDg","2014-07"
"UCXzaEAP-03qktmjNF2M4qLg","2007-09"
"UCzo5sreD2cVGu2T2mNu__1Q","2007-10"
"UC07CU4Lnj8U4IvhaDPdXgpw","2009-10"
"UCF2oW5-MO8dB6ul9WH9xi0A","2007-01"
"UCIJwWYOfsCfz6PjxbONYXSg","2009-10"
"UCDeqBZ1ES77u3J8NVh8xamA","2011-12"
"UCgc00bfF_PvO_2AvqJZHXFg","2007-09"
"UC-CTI1v_cfX9Q0pWS0QhDWg","2010-01"
"UCeQEKFH31vvD-InkTGSvCrA","2008-10"
"UC-MByr5LRnWmVN94Ija4XJg","2008-06"
"UCmxCoyvGU3IndS7bm9oH3Vg","2009-08"
"UC7tQCPynoSf7Dgj-knC-aOg","2007-12"
"UCPDMlmM_MeVAhYydERXJ9pg","2014-03"
"UCI3ESb2GoE1w5MIKosbmutQ","2012-12"
"UC2VKCoZND5PENxAXLl8r6Jw","2010-12"
"UC5gMqlsgo6OUu9AjBosggcw","2012-10"
"UCogFmwd_6QgQ4qZtU2gDDVQ","2012-09"
"UCYkoAtIMi6oFG_8SO5YrauQ","2006-12"
"UCgWfS_47YPVbKx5EK4FLm4A","2010-07"
"UCtr2VqYDR7mx0Q15jOfK1vg","2010-10"
"UC0QpXwNHik1793EYNGZcOoA","2011-04"
"UCV1SycDpnU1A2dXqob6Aowg","2011-04"
"UCuxfOdbKQy0tgGXcm9sjHiw","2010-03"
"UCT8z80a4ESgO2Y4qajk-iXw","2010-02"
"UCyU0H_poeSOraMD2y9Vku6A","2009-01"
"UCGlhF-USvOYyo-VUbS7fKAA","2012-09"
"UC_GvMVffgctSISDkeWlKhXQ","2010-01"
"UCGhV3ncQJx4XNavXrFFTa0w","2009-06"
"UCZBu4SD7RaHHwKJqjtE1KGw","2013-10"
"UCiZC4ppUa90nhv4b4-WiZ5A","2011-09"
"UC4GtJWgv_PLBiWFihNGbF0g","2009-02"
"UCXazgXDIYyWH-yXLAkcrFxw","2012-01"
"UCoGDh1Xa3kUCpok24JN5DKA","2011-11"
"UCSs9H1cyB3OHdy8wkit8ZKg","2010-07"
"UCSrZ3UV4jOidv8ppoVuvW9Q","2007-04"
"UCeWFTANmqJVW8HheFGxCDuA","2013-04"
"UCwdVyruxCCqMR4DtPLhtwlg","2009-09"
"UCs_uv3QyUIQjBoL1Ij5BdlQ","2011-11"
"UCBdHwFIE4AJWSa3Wxdu7bAQ","2010-03"
"UC1PloUeSfZql4wbCRM8_2AQ","2012-07"
"UCSLj7KIkNtX_3uiAjM-xyjw","2010-02"
"UCh9tUJYX0xSa9OwLyBe-TaA","2014-10"
"UC1r4VtVE__5K6c_L_3Vlxxg","2011-03"
"UCC9h3H-sGrvqd2otknZntsQ","2010-01"
"UCVUdHi-tdW5AKdzMiTPG97Q","2013-03"
"UCbu2SsF-Or3Rsn3NxqODImw","2007-05"
"UCyP1SvkDY0EaCjDAJnNMLBw","2008-02"
"UCGwPbAQdGA3_88WBuGtg9tw","2010-12"
"UCfwP2H1CDJvssk6g2pm8EgA","2011-11"
"UC_eQfAQjj6mYj92l3SBmIdg","2014-03"
"UCpfAIVLEdyTp-HoALoz-gRw","2013-02"
"UCvB3solmhqtgDeLpD-yTtfg","2007-07"
"UCuzsm6Qa5gNuyk1zezdguTg","2014-10"
"UCxplsYwPGQVKyiopBAdCMYA","2007-01"
"UCMgQwzHQrefJYo5GTIvhV0w","2013-08"
"UCoXgtalJuJeGhphzD61Nmyw","2013-03"
"UCa6Hg8HmooiDNaCT0_1NbQQ","2012-06"
"UCqg2eLFNUu3QN3dttNeOWkw","2010-11"
"UC4vWADRIGxBekUhQanBdWDw","2013-10"
"UCo83OnV1SoOZHPQd1UNMx-g","2009-11"
"UCKmlxQVs0vHtaLldRIQ8lsA","2012-02"
"UCkIAPBRr82MUFDiHHjw8JpQ","2009-06"
"UCHvoq_rGmOKJKGId1nD1V4Q","2014-03"
"UCbXvIyWmJbFwQ_4IIVxEuJw","2012-03"
"UCz3ZTkHGStSYVlh-ibvbk4g","2007-12"
"UCK2ACorzpH-igxuHZ2ObCEA","2010-03"
"UCYzPXprvl5Y-Sf0g4vX-m6g","2012-11"
"UCPcFg7aBbaVzXoIKSNqwaww","2006-06"
"UCTzy4FQNreZnkPG7ZlkTA0g","2013-05"
"UCB84a0PsU_2i4HKQ8-SHmpw","2014-06"
"UC-GI5LST5T3Gw93yZxjdFaw","2012-11"
"UCSsWdUwr4UonSCAVH-k0_Lg","2011-08"
"UCaO6TYtlC8U5ttz62hTrZgg","2008-01"
"UCj2GTFekdV3EUsTVN8oaEqA","2012-02"
"UCzNAswnSN0rZy79clU-DRPg","2007-08"
"UCRRIBjlxfrlEtETa0i893Jg","2009-08"
"UCaO16EyoX6_064H0txQ0vZQ","2009-08"
"UCzTtkLZFy6wqD4SsA9_fTtw","2009-07"
"UCkzdZ9fvewhI33XAYlyzz0g","2013-04"
"UCSehFH-n8YQFcnaZ92066Qw","2008-05"
"UCJZ94qp4dtCw0Q5UQqAkg7w","2010-03"
"UCuGPetPDhu7H4C_idZ5qu7A","2010-07"
"UCpE6gpKewomi17XDyPfpFjA","2007-04"
"UCh-sQC1L3J7xicFO1Bo5DeQ","2007-02"
"UC-5d-QB8E4X9YYtRvU0We8A","2012-09"
"UCCy2rLnGdwoJcSAtixNdsPQ","2011-12"
"UCWqJpFqlX59OML324QIByZA","2012-01"
"UCnfQ5zUjQdPMWnrhRUN-wZg","2014-02"
"UCg0ZYSzrWpf2WRVSfiN1bXQ","2014-06"
"UC59jm6JUT_PNciq8XNHDCbA","2012-06"
"UCWy8jDk2k93E0c6iGdMnt_A","2013-08"
"UCHkh8YFg0l4tkY6_zvzdd5w","2013-05"
"UC_nMnhAqFu1Sm2yLvrWlqNQ","2007-06"
"UC3WJE8Oj9Bbzos5nhssZNog","2014-06"
"UC3S5gtXjd522gCtjOkYRUwg","2012-01"
"UCNF7FrFO1LS4bteIV6npJWQ","2013-11"
"UCM-N7EdUjsbEWCOEHuxta4w","2012-03"
"UCu_YquoQYKR3GpP82TO-zRw","2013-06"
"UCZSUvJTxnp7ay48TUJAf4RQ","2013-03"
"UCWZmCMB7mmKWcXJSIPRhzZw","2012-12"
"UCUHW94eEFW7hkUMVaZz4eDg","2011-06"
"UCBQlRqLAB1mstRpYlWXvFXA","2014-04"
"UCqyI8UwvJ1_j1Aql6-YT9kw","2012-05"
"UCZQRVHvPaV4DRn3tp8qrh7A","2012-11"
"UCUxbV_ewlfeaIHN-qSrQsIg","2012-10"
"UC1vdVJMlcL3Gkq3fKP7E0Bg","2014-08"
"UCRVruzlQF5cqpw9jQgIgNdw","2008-07"
"UCNoeMd-St-c-7Nw0b2zrr_w","2011-11"
"UCR5wZcXtOUka8jTA57flzMg","2014-03"
"UCSAUGyc_xA8uYzaIVG6MESQ","2007-07"
"UCGv-qJBu7fJigxUy5zYD3Eg","2007-06"
"UCbBrk4JwHch79P-SzDKIOMQ","2010-02"
"UCsA_vkmuyIRlYYXeJueyIJQ","2011-06"
"UCOvEMf00DnwdkpOCRWdc6uA","2011-04"
"UCrDkAvwZum-UTjHmzDI2iIw","2010-10"
"UCQgcmn4OVaKczXEo45iT_fA","2012-11"
"UC_kYlv-j7o3j1979t35htzQ","2006-08"
"UC0t3ejibUQ91s12D4NAaU7A","2012-08"
"UCiBCfXg5HoSxWQ9vMXUJbgg","2011-09"
"UCe7UlMFn6_TjAC6MENhGRaA","2012-12"
"UCZtwV0jsxQgfb7YcCijKj4Q","2013-10"
"UCobV_oWSV4-YgbYnqrkaX9w","2012-07"
"UCPSGGjY1tWmMd8O2WiEjgYg","2011-01"
"UCg_j7kndWLFZEg4yCqUWPCA","2008-07"
"UCoT5KO-FWsYrgu6VW73v3jQ","2007-10"
"UCG4VTGNZWEvcRqGAIi3Aj_g","2014-03"
"UCacD2jzduYnUw8GjZJBNPeQ","2014-02"
"UCbTVTephX30ZhQF5zwFppBg","2012-11"
"UC8GkZ5dlOrw-yN_nkOAIzPA","2009-12"
"UCRTOI5zhwFU-1eooSzgHAHw","2011-12"
"UCUKi4zY5ETSqrKAjTBgjM-g","2006-02"
"UCJekW1Vj5fCVEGdye_mBN6Q","2011-06"
"UCSo_it8y_WM0dLlvuOs34Zg","2011-01"
"UCeJT1E956KZACTb5sVe_lSQ","2011-07"
"UCB4aBh7CFjUPGWZDKAWYTjQ","2013-01"
"UCV9_KinVpV-snHe3C3n1hvA","2010-04"
"UCFPoJNd0d4k1H9A6UOlikcg","2007-09"
"UCGuiLc4BvsEpq5CsbvlHpdg","2012-03"
"UCv2hYhRYO8Fmbs5mUemz2oQ","2010-09"
"UCBqWtrtVaxJK2KDsdtmTnsQ","2006-10"
"UCEe076nFuVobN0bAsXK7ICw","2010-07"
"UCtm_QoN2SIxwCE-59shX7Qg","2011-01"
"UC5xK2Xdrud3-KGjkS1Igumg","2013-10"
"UCj5i58mCkAREDqFWlhaQbOw","2012-05"
"UCvMd32ON30vh2bd-_A5KA1A","2011-10"
"UC-LPIU24bQXVljUXivKEeRQ","2011-04"
"UCeTzt8EPd5KZn6ZYH07eUSA","2010-12"
"UCGDJLLphnP0zQQaE3kgo5Wg","2013-07"
"UC8HQ5RQsiUTvgDkSmkVzfvg","2009-07"
"UCrFDdD-EE05N7gjwZho2wqw","2011-03"
"UCpqXJOEqGS-TCnazcHCo0rA","2010-04"
"UCnEiGCE13SUI7ZvojTAVBKw","2012-08"
"UCMWLdSdAyDcCy_OVzONKm0w","2011-09"
"UCuBPlZTF6TGO0g58QgcgsxA","2008-07"
"UCxvxIxnS9cjPyeebbiOd4lg","2012-01"
"UCwznTWIqJj4QabmxMMuZk8w","2013-05"
"UCU6Yy6QttlTcwf96aafYHkQ","2008-10"
"UC78PMQprrZTbU0IlMDsYZPw","2010-10"
"UC9w-h_ciMmX64TcLRcb1xPg","2011-11"
"UCT2kGKUWtH4Z69N3cs4VQBg","2014-12"
"UC05uI2AIsSIi6iwu3EydNuA","2014-01"
"UCcn4UOBvB0W2HjCcLFLuu2w","2012-07"
"UCuON8B3q1FMIOSE-0sbC_rQ","2010-02"
"UCJM0ZIGPX2pad8IzopUkbIg","2012-05"
"UC_LKhBiSqiBLbFC3wFY2BRA","2010-06"
"UCMQCTweRp9G7qCQbJI9oeAg","2009-01"
"UCGaVdbSav8xWuFWTadK6loA","2007-01"
"UCoZjwhP-clj1ZRKVZhm-T4w","2014-04"
"UC26buublzO30XpR-KP2TfAw","2013-12"
"UCohaDz3UXnkvnAj3QdPotlw","2007-05"
"UCjqZeIIXmNj3WS7auJjJFpg","2009-10"
"UCtJkNv0rghEOOiz87xT4C5A","2009-11"
"UC37PFGlxWgx4tU6SlhPCdCw","2013-01"
"UCVd8sHiijL9nO_57uJAUV6g","2013-11"
"UC3KQ5GWANYF8lChqjZpXsQw","2013-01"
"UCDDNDbbLT00jTrpuOyJKfiA","2010-04"
"UCeMsqI6jU9WE2ctsrbxbywQ","2009-08"
"UC82o9tQyo_cJhtyoFi-ROEw","2009-08"
"UC_wIGmvdyAQLtl-U2nHV9rg","2010-11"
"UCppHT7SZKKvar4Oc9J4oljQ","2009-07"
"UC3PYGKK29qJ0zu-eEthHK4g","2010-05"
"UCviwgqjHtq__f62aiXwcdNg","2013-12"
"UCVLfiouwrA-VoluheMvpHWg","2014-02"
"UCl9Sqgbs6w7pZMWr4yRPjiA","2012-04"
"UCVPYbobPRzz0SjinWekjUBw","2014-05"
"UCmZx3uP8kvCIBMAONQiAvbw","2014-04"
"UCWZRANKlxNe_4QKiqBBCTOQ","2011-06"
"UC2el0G8cIcOOdjlHy2KOBkQ","2011-11"
"UCQeaXcwLUDeRoNVThZXLkmw","2010-04"
"UC9diVCDUnRAB3buT1vLn4-w","2012-12"
"UCYKlvdtR9kMbkjDgENpHqiw","2013-08"
"UCzlzGhKI5Y1LIeDJI53cWjQ","2012-03"
"UC2oGvjIJwxn1KeZR3JtE-uQ","2013-06"
"UCtKnY1vJ37v-KPgejc2kkBQ","2012-05"
"UCBNXKrniCm4Qd9v5tTzY-aA","2011-07"
"UCB1p88knr2l2IbfTX1vOCbg","2013-10"
"UC-k_r0Z_2rylnG09FGIkghg","2014-04"
"UCSK57JMV0OJL1C7V-YOEVkQ","2010-02"
"UC7YQL5pKCcaB3ZZ8lSibYmg","2014-01"
"UCF_1C_TUmcGoFqYKkcc85Yg","2011-03"
"UCiUiZUDSpuiMiiecRBEOZEQ","2012-10"
"UCUBoIo2p7GSRMt1YcSswDEw","2014-10"
"UCdgDIIKpFlpHB1L0LZnh5EQ","2010-02"
"UCK4K2-u8aXrVbyvmL7UZKGA","2013-10"
"UCrV3j4NsS3Jbggys-flVSDA","2014-05"
"UCRv76wLBC73jiP7LX4C3l8Q","2011-06"
"UCHZcTOQMlcCmONp5Apm6qSQ","2014-08"
"UCmodxR4_K1etm64BTVX9hsQ","2014-03"
"UCd9SVWsoWGWLG_hoqOw5piQ","2012-05"
"UCUsCsUn7qNHUAE4PHVF4cXw","2013-09"
"UC989Q1PCa5l3mpIs7GBTgfw","2014-05"
"UCTc0mrCjv-2-F5dMeji8fmg","2013-04"
"UCacsg57ZIYIDtJcCif1tUeg","2014-09"
"UC8CQV5pClsZeZN8EFZhTMog","2013-10"
"UCbk3qpPiPvlHQeUkVkWVHEA","2014-08"
"UCR5MHWsppEOak1jGTR3dJ2Q","2012-06"
"UC7KGv_YorzF-Lgu-Wvo1BQw","2011-03"
"UCH4KR4_UxYIfQDTHaPeMWtg","2011-11"
"UCSZ69a-0I1RRdNssyttBFcA","2011-12"
"UCHPbrkmgqJpoKaGxrUmbMvA","2014-06"
"UCoB7kvXc3E3pt6tDL2fLb4Q","2014-08"
"UCrlQMmmJpMk85MGI49jdj6g","2014-05"
"UCs6Agc6DvG7dZ8X4wZiGR1A","2011-05"
"UCUR3HajOsZ-KycZn8HI2Nhg","2014-02"
"UCwDSBKWg7QBm4an4E9K5c6Q","2013-10"
"UC6rCV44AjHlcyuuQ1Jxf3TQ","2014-02"
"UCg-YCxiu2u54f9dcZXVPe3w","2011-07"
"UCnenDeyXGv5IRYsa3QAGdhQ","2014-06"
"UCrlFHstLFNA_HsIV7AveNzA","2012-01"
"UCAtPtX1EQ4RgRoqs17-opMg","2013-09"
"UCDi5ZW8DgHYwIHwYl2LcPwg","2013-01"
"UCfCVlxInB4VuaDFLGqEQqaA","2013-08"
"UC_J_9-qRfVtKIkq7SxxVbhQ","2013-12"
"UCDxlpTspPWgj5tiblGZbJUw","2014-07"
"UCXoJ8kY9zpLBEz-8saaT3ew","2012-11"
"UCxWkNmkeAL52VTJyBlIJRXw","2012-05"
"UCQYY7FZ_Xph6HaYZtKaE-HA","2013-07"
"UCnxJP93YDwLlQ_UrJ-rWHDw","2014-12"
"UCR0s2TFN6dp4BuF9pp-M_JQ","2014-04"
"UCVxmo7C8ltLt5u19NKrUNAQ","2013-04"
"UCq2xl8Soe_NxR9EzLmahcTA","2012-06"
"UClpecjOSRWOaDw66E0DaC_A","2014-03"
"UCixlrqz8w-oa4UzdKyHLMaA","2010-09"
"UCqTE5yayQ-cWfwDkm7gcPkA","2014-08"
"UCTxW7HKOZB4rnPOmBNY7dmw","2012-06"
"UCVrstuGnHjpUXr9G98wwKow","2013-09"
"UCaNS3on9m_7LmSpI2GC65Bw","2010-12"
"UCYnFCmOHHNrLYlb3lE-yYjw","2011-06"
"UC6PtMAu4aHLS2Cz9d1SkDfg","2012-01"
"UCtoNy9eFDmHnxRDI5gmFc1Q","2013-01"
"UCLCBelsE3F8CMxc5UJjqvZQ","2014-12"
"UCw5nIlwE0OHkNuIe1ty0lxQ","2012-01"
"UCxXL3dBkzBl8v3PUl4yleyw","2009-01"
"UCNLGEgoqjbOuqlI3fdFhzCA","2014-05"
"UCozAuGJZ5MPoijz8IE_1Gtw","2009-02"
"UChM_8YeNCava2-OSbgbpe_w","2010-08"
"UC2g4fomHFcur19fmQnC4XCQ","2013-09"
"UCQ9DCwtXyXPHL0a79qk-Yow","2013-12"
"UC8f7MkX4MFOOJ2SerXLInCA","2013-01"
"UCeSKbGqOF0Rqka0XPgvMxfQ","2012-05"
"UC5wKpLWxAZBZrunls3mzwEw","2012-06"
"UCj9wVjgh1TmUPCwrSSWly7Q","2012-06"
"UCH7yn-yKKUkwbuWEmlwh57g","2011-02"
"UCEXFDIAmobI0x7D7rnuCE7Q","2012-04"
"UC9J6h__xG-TgmrGz9bRJdDw","2009-08"
"UCSFC5Cio8zaLQDFPxA7y_HQ","2012-12"
"UCGbOTPDlBwkN-4N85dK6U7Q","2007-06"
"UCKezegV3t5njyVLoeLhYi0A","2014-04"
"UCCKJzBnveLS7oLpS8Q4m2eg","2006-07"
"UC-km1012mEUQQLGxggmrazw","2013-07"
"UCgMPP6RRjktV7krOfyUewqw","2012-08"
"UCBBi5zCvAvvXbcgwUWV4wjw","2013-05"
"UCRxDTCmIjgli-Xgh2KPE9dA","2009-12"
"UCcpgOnD67R6ILSIy5HBU9rw","2013-12"
"UC5Y35HzjHnxi2Dk8Xk8Cllw","2013-10"
"UCkGf_kXNiDG_nXs4-WJkY-Q","2013-03"
"UCPARDnYdJQBJID-qyefVKcw","2007-10"
"UC1pHFqCMAIHP8gr4lYGtNLA","2013-02"
"UC5l1Yto5oOIgRXlI4p4VKbw","2010-03"
"UChLEhd2gouo1H-c9Zy9WGDA","2011-07"
"UCvTqpl1DVmGBALUe3tn5Rlw","2014-01"
"UCcug5qJkYT6P48K2FUlUZzg","2014-08"
"UCR3asjvr_WAaxwJYEDV_Bfw","2011-06"
"UCutJqz56653xV2wwSvut_hQ","2013-10"
"UCyWrZ3uHnN4izMD_xlwNJVQ","2013-08"
"UCe4Gy3xDG5K0xuRKm7a6l_g","2008-08"
"UCFBjsYvwX7kWUjQoW7GcJ5A","2010-04"
"UCPDobokK10J8jnDtGgdyDtg","2009-08"
"UCeqUUXaM75wrK5Aalo6UorQ","2008-02"
"UCEIMvzf3R9d3_2A3IAajvHg","2009-12"
"UCrd9neCNtPkvQukpNTYrP4Q","2013-08"
"UCNMJyN1E369HwCI2viLCIyA","2013-06"
"UCYx9lhCw0u2-OoqVtEU0IMg","2013-11"
"UCPUeGC_AL-OnDQORKhRm6iA","2011-05"
"UCQJuZxeDv2P05YHcC-tIEVQ","2013-04"
"UCYooECrv-fIXlPaDwEIaveA","2013-01"
"UC9CsZoTaHZqZjnNZv7v3T1g","2011-05"
"UCK0KigJ2jJ8UXKySrV77KJA","2013-09"
