"external_id","likes"
"UC4GtJWgv_PLBiWFihNGbF0g",1.2e+07
"UCUFNaNGi3lnBPq4gtdfJCAA",950000
"UC-Vn_yBa4VUfX56pq_px2vw",290000
"UCUKi4zY5ETSqrKAjTBgjM-g",1.6e+07
"UCtEt-shvshHduBTAZju3kOQ",1.2e+07
"UCME81PohuzT1JMCsEtvsD2w",2500000
"UCBTy8j2cPy6zw68godcE7MQ",3e+06
"UCiWLfSweyRNmLpgEHekhoAg",4900000
"UC_2irx_BQR7RsBKmUV9fePQ",850000
"UCpZ5qUqpW4hW4zdfuBxMSJA",4100000
"UCWy8jDk2k93E0c6iGdMnt_A",9e+06
"UCc2_j9TZ1UU9nCedF3UsuFQ",770000
"UCAuUUnT6oDeKwE6v1NGQxug",1.3e+07
"UCJZ94qp4dtCw0Q5UQqAkg7w",950000
"UCXGgrKt94gR6lmN4aN3mYTg",5600000
"UC22zQ9nBEk6KOjUWqR5XXZg",74000
"UCAUTncHmFWaaNo91xg4As3g",3800000
"UCt4t-jeY85JegMlZ-E5UWtA",1e+06
"UCZYTClx2T1of7BRZ86-8fow",1.9e+07
"UCI3ESb2GoE1w5MIKosbmutQ",490000
"UCpGdL9Sn3Q5YWUH2DVUW1Ug",8.3e+07
"UCq-ob73jZBpfgKkd1Pn_H4A",74000
"UC6UL29enLNe4mqwTfAyeNuw",4900000
"UCNqbJ7zpxAxC2BxPx-xmx6g",3300000
"UCXLw_h6bFfPOKbDJXDUjA-Q",2400000
"UCzuvRWjh7k1SZm1RvqvIx4w",2200000
"UCUaHJ0fTA-1theR8A8Polmw",1200000
"UCj4I9NfO3xIvl-Ym2Qzib1Q",1.9e+07
"UCf8w5m0YsRa8MHQ5bwSGmbw",440000
"UCvwgF_0NOZe2vN4Q3g1bY-A",2.3e+07
"UCuGPetPDhu7H4C_idZ5qu7A",190000
"UCpb_iJuhFe8V6rQdbNqfAlQ",1.3e+07
"UC21yq4sq8uxTcfgIxxyE9VQ",1.2e+07
"UCSrZ3UV4jOidv8ppoVuvW9Q",1100000
"UCPgLNge0xqQHWM5B5EFH9Cg",1900000
"UCi7GJNg51C3jgmYTUwqoUXA",3e+07
"UCbEsrYwtICShIo_VPoBCQGw",15000
"UCWJ2lWNubArHWmf3FIHbfcQ",4.7e+07
"UCfm4y4rHF5HGrSr-qbvOwOg",7.4e+07
"UCQMFJQrFdtsYuJvCRQj1zDA",190000
"UCSK1_qvsEuTNZnvLQvNRLGQ",1400000
"UCstqC9y3oqzpNCTkh-_Ut8g",1300000
"UC4LHNX8d8RqnDX0OezgmCTg",1.7e+08
"UCxvxIxnS9cjPyeebbiOd4lg",120000
"UCHvoq_rGmOKJKGId1nD1V4Q",2e+05
"UCJrXOOtvmGn4CF7aYaJwuHA",570000
"UCTxW7HKOZB4rnPOmBNY7dmw",1.2e+07
"UCyP1SvkDY0EaCjDAJnNMLBw",6600000
"UCKi3LZcC8_7doDCEAi9XonA",34000
"UCHAx8o0jj-8L_sqR5QM1Cwg",2.4e+07
"UCw5pE2GElcHeErKVyF76jjg",410000
"UCiDJtJKMICpb9B1qf7qjEOA",4500000
"UCX9_Ks1MXuwXCmtt0fOFsxA",6800000
"UCNZXFLZCpYbi_AfmuQdNCLA",1.1e+07
"UC8jZB1wfX7ku_QqNJ_s3KhQ",33000
"UCskSW39nbaWKSdtdaPrY5IA",41000
"UCZtwV0jsxQgfb7YcCijKj4Q",90000
"UCeTa-D2M_j_J7aKfLUcRFxQ",410000
"UC9J6h__xG-TgmrGz9bRJdDw",85000
"UCgeGealT0QYcrnoYRMltDZg",1300000
"UCX7CYiI89e6wBnwytOx8A-Q",2e+06
"UCbp3o7U6oSa6s-LQBZvOnGg",150000
"UCq0OueAsdxH6b8nyAspwViw",2600000
"UCg_j7kndWLFZEg4yCqUWPCA",2500000
"UChO7xlACgCNpOOIA3Wk6MVQ",110000
"UClmmbesFjIzJAp8NQCtt8dQ",1.5e+07
"UCr8RbU-D7iSvpy0ZO-AasoQ",7600000
"UCcartHVtvAUzfajflyeT_Gg",290000
"UCEmCXnbNYz-MOtXi3lZ7W1Q",3.5e+07
"UC6AHeJa7s9-Brs6VyXy6Dwg",610000
"UC6S0jAvcapqJ48ZzLfva12g",1800000
"UCiZC4ppUa90nhv4b4-WiZ5A",150000
"UChRZS2yZ2TDEO13e3g4zHTQ",110000
"UCnEdfCdbxJJ9ouWKLSRCRRw",220000
"UCNEZ7cqaZzYLeyWfTkelkEA",2300000
"UCc6W7efUSkd9YYoxOnctlFg",6.1e+07
"UC0gaQo_koRNiYSSblRyXC0g",430000
"UCX52tYZiEh_mHoFja3Veciw",8800000
"UCLAumKr0O_z6r6RPiummR1g",2e+07
"UCP74I8w5CgO6Ud9hHYfQABA",4e+05
"UCE3qZH8ltYwmQDmm5uinPXw",2.4e+07
"UCr-rCvgg21KqfrnGopaQeGw",220000
"UC26buublzO30XpR-KP2TfAw",1300000
"UC6NMqrESrKioKr9axv_YM7w",3e+05
"UCRv76wLBC73jiP7LX4C3l8Q",7300000
"UC9TreTE-iXwfwQl72DzDurA",1.4e+07
"UCoTyVfIkM-hjz4JauDoVvog",4800000
"UC0t3ejibUQ91s12D4NAaU7A",2600000
"UCcMTZY1rFXO3Rj44D5VMyiw",1.5e+08
"UCqIqRzEge-Qvt4Iglx-uKdQ",1.5e+08
"UCHa-hWHrTt4hqh-WiHry3Lw",7200000
"UCsr2PfJA9b-vM9qeDS4a_Qw",7e+06
"UCBNs31xysxpAGMheg8OrngA",6.1e+07
"UC5EKlflss5IVgIfI4-sjd9w",4600000
"UCTfkOrp_s_DhYBRCxEUVARw",1800000
"UCR-QYzXrZF8yFarK8wZbHog",2.7e+07
"UCDwujczvdxbbVHg-V4-kC-A",2e+07
"UCsxMBRUkXRFAYwH2TLm4o0A",6100000
"UCSvSbpm3cCgqqZlTaj4jZRA",240000
"UCbk3qpPiPvlHQeUkVkWVHEA",120000
"UC_nMnhAqFu1Sm2yLvrWlqNQ",3e+05
"UCtoNy9eFDmHnxRDI5gmFc1Q",350000
"UCax-4TdDh3oetlyh-GoL7UA",2500000
"UCXNUqOjGHwT-Fl2G-KdJgIw",230000
"UC9nQ7miOaueVvDIF5bpc38w",1.2e+07
"UCKBBzmtYEoV8Ec56y0K-4Gw",4000
"UCJkBIeTewoQGgtviUe5LH_g",270000
"UC5wltA9W0r2OSDHj6pit9Cg",81000
"UCNYW2vfGrUE6R5mIJYzkRyQ",1.1e+08
"UCDlQwv99CovKafGvxyaiNDA",4400000
"UC3H9ieyNjPZf_XgduxnSCow",230000
"UCYxRlFDqcWM4y7FfpiAN3KQ",4600000
"UCjxq8PsQ_On_-gI5LqNoVzA",2200000
"UCrmPAeHxCYem3PWC7dPpRGg",1200000
"UCq54nlcoX-0pLcN5RhxHyug",9.7e+07
"UCE_M8A5yxnLfW0KghEeajjw",2900000
"UCNKcMBYP_-18FLgk4BYGtfw",9800000
"UCmQRypK6kAcujJAlYZpFW8Q",630000
"UC-km1012mEUQQLGxggmrazw",670000
"UCC552Sd-3nyi_tk2BudLUzA",1.1e+07
"UCL8Nxsa1LB9DrMTHtt3IKiw",1200000
"UCUuU7X-e2ZRNOoBG3Cy8txw",2700000
"UCZ0sPVpWCvQ4oEycxTFUdCw",85000
"UC6nSFpj9HTCZ5t-N3Rm3-HA",3.3e+07
"UCDPM_n1atn2ijUwHd0NNRQw",2.1e+07
"UCTPwDb0sagyEp8n36yWUdPQ",2300000
"UCYUQQgogVeQY8cMQamhHJcg",2.3e+07
"UCSFC5Cio8zaLQDFPxA7y_HQ",5e+07
"UC778cAEgKGDmh-teUWdg-uQ",710000
"UCyCyTe_1bT2aIPwG_gxbyeg",9600000
"UC5l1Yto5oOIgRXlI4p4VKbw",1e+06
"UCNDY2dg_gWJ_qZJ7LbzHTGw",560000
"UCk0luhBaSfPWo4Cmyt0EDew",5000
"UCay_OLhWtf9iklq8zg_or0g",6.6e+07
"UCIvaYmXn910QMdemBG3v1pQ",680000
"UCd__wqtElchTWpFISZSvKCg",4e+05
"UCYne4N06sHVhRBXS0Lq5D8g",1900000
"UCQMYWynQkK-Q-sd0u2_rF0A",1300000
"UCh-sQC1L3J7xicFO1Bo5DeQ",2e+06
"UCU_If3OQp9FPHoP1BteFNlA",63000
"UCDlMDG2j7XQQfvM3jp8nBZQ",2.1e+07
"UC6K3k5O0Dogk1v00beoGMTw",6e+05
"UCMz7JFeTmiO2oJgtmYhpUmQ",8400000
"UCKRp5dNEBko_xLYf_kHuZcw",2400000
"UCPHXtOVmjvbP9OJihsd7gCg",2.7e+07
"UCiRxTf7i-Ggg7dLeRLOn5eA",1200000
"UCgRvm1yLFoaQKhmaTqXk9SA",2400000
"UCvRH4-D8PEk2zdyprlWKs-g",46000
"UCyd8nXAyK4_tHfM98KOxQ6A",1600000
"UCHdos0HAIEhIMqUc9L3vh1w",9500000
"UC44eGZ76AJLHAxPaJ_MW2RA",3200000
"UCMu5gPmKp5av0QCAajKTMhw",4e+07
"UCg0ZYSzrWpf2WRVSfiN1bXQ",19000
"UChLEhd2gouo1H-c9Zy9WGDA",350000
"UCrFjJZkKv-Zh8ZYaUnKKVSQ",56000
"UCoNoB5_bbbmvVrlOoePltSA",970000
"UCoxGrAFk83Z0W_4GLp7Qjvg",1e+06
"UCM_zp2dVNflkGFWAFM_N7lg",1e+05
"UCuCLhzmx0AGnsViXF0Q44tg",2.3e+07
"UCuaFvcY4MhZY3U43mMt1dYQ",2400000
"UC8-Th83bH_thdKZDJCrn88g",5.3e+07
"UCDi5ZW8DgHYwIHwYl2LcPwg",2700000
"UCTTIi0HrCHybiQLWg_9SY0g",16000
"UCj5i58mCkAREDqFWlhaQbOw",5.4e+07
"UC7Gf2tZ8coTX2ckTPgn62iQ",2700000
"UCgTpLnSqzJntGjHLfuE2WNA",260000
"UC4sV96Zpur2FwBcR4E-5e0A",590000
"UCQMELFlXQL38KPm8kM-4Adg",3200000
"UCSehFH-n8YQFcnaZ92066Qw",4000
"UCojyGFb8W2xxSsJ5c_XburQ",450000
"UC7BLRPxLTk6iCusz2BIusyQ",280000
"UCIRgR4iANHI2taJdz8hjwLw",4e+06
"UCdufkvMrmyR1TMhDG8PhsJw",1800000
"UC2GYlKSMFgAPqVZoFyw5Itg",210000
"UC3AgxXIspxGB8Mb-6bO9YlA",1e+06
"UCazMm3tOCkYrIGE_17j0mVg",3.6e+07
"UCstEtN0pgOmCf02EdXsGChw",1.1e+07
"UC1T-ZwcYVQB6EpqOQD10tmw",5400000
"UCRRIBjlxfrlEtETa0i893Jg",230000
"UCuj1Ms9_LCsQPSJ4p8nvOVA",1e+08
"UCQuSMKcwirmoLvzR4qlKjoQ",9800000
"UC3jpAnAQESbKVaLObz2aWCw",280000
"UCm3C3OSgcyzaTBXrNRupB3Q",6200000
"UCCFvB7uMIGYE9zOPim66cSw",170000
"UCK8sQmJBp8GCxrOtXWBpyEA",7200000
"UCXuqSBlHAE6Xw-yeJA0Tunw",2.4e+07
"UC0C-w0YjGpqDXGB8IHb662A",2.9e+07
"UCvMd32ON30vh2bd-_A5KA1A",330000
"UC4FVKG3QEgghwbnPDtfC1-Q",1500000
"UCUHW94eEFW7hkUMVaZz4eDg",8400000
"UC2g4fomHFcur19fmQnC4XCQ",330000
"UCZq427EjGqUbV6pZIjEKkgg",380000
"UCbTVTephX30ZhQF5zwFppBg",1e+08
"UCwnro7pVC3fDjVavLT_LAjQ",3100000
"UCUivAKzCJSsiauUah1Y7TLQ",9e+05
"UCwTRjvjVge51X-ILJ4i22ew",1800000
"UCnOVVuoLJ_1YY8A0V802wHA",3.4e+07
"UCR5wZcXtOUka8jTA57flzMg",1e+07
"UCs_uv3QyUIQjBoL1Ij5BdlQ",3400000
"UCzN_QwrNpAMWxVIjZKKSkPQ",3300000
"UCtihF1ZtlYVzoaj_bKLQZ-Q",4600000
"UCJIMS94jwjEmvnsNqkH_KUg",1600000
"UCzo5sreD2cVGu2T2mNu__1Q",930000
"UCBnZ16ahKA2DZ_T5W0FPUXg",2800000
"UCZ8kV8vuMdDLSerCIFfWnFQ",1e+07
"UCfTUswmQObxF425UD48Paig",4e+06
"UCWxoNGr-Uk9ql-r8upHmLWA",2000
"UCjVkjd2VWCWO-9DHRQER3Yg",960000
"UCeqUUXaM75wrK5Aalo6UorQ",4200000
"UCfxN7O1NzZqoGBCJi6V6wpA",260000
"UC9obdDRxQkmn_4YpcBMTYLw",470000
"UCOuMB2WSX_7uGEGGjjEeFTw",2500000
"UCYKlvdtR9kMbkjDgENpHqiw",290000
"UCiVg6vRhuyjsWgHkDNOig6A",480000
"UC-k-Rld-31VU588OAEWC0DA",1800000
"UCkzCjdRMrW2vXLx8mvPVLdQ",2500000
"UCTgVl5peu2WD7LhbLDdmfgA",360000
"UCFsLoO2fFWI4cvh3KAXKn0Q",110000
"UCa53fMnMax27fsyKBP_ygSA",120000
"UCVtL1edhT8qqY-j2JIndMzg",3400000
"UCCLFxVP-PFDk7yZj208aAgg",190000
"UCoOx45FcGxN7sI2xQakj0EA",1200000
"UC89aNJlaople1Mxq4dYfyGA",290000
"UC6nGx7jLgwEf6ormq-X2pkw",930000
"UCBTr3sPSDnIiwPnFngzO6rg",1.9e+07
"UCFeUyPY6W8qX8w2o6oSiRmw",690000
"UC5BMQOsAB8hKUyHu9KI6yig",1.3e+07
"UClGxTk-Oup0p6i_uVMD4ibA",260000
"UC3XTzVzaHQEd30rQbuvCtTQ",7400000
"UCmBnutz50JW-jAuYz21URIg",84000
"UC2mtXUpAYLYJIZ2deSPhlqw",3100000
"UCpH_Gn_vWj-MQUlYfTp6BGA",350000
"UC6jgzx2g3nlbaYkd8EMweKA",1.1e+07
"UCqX8hO4JWM6IJfEabbZmhUw",5200000
"UCiNANhNp8yGjuRuBld0YOlw",430000
"UCgF0OC_3MlW2KEyhhAgIQjA",1700000
"UC5nwNW4KdC0SzrhF9BXEYOQ",7e+05
"UCBy6yIwHdhEEYG_nwHD-tiQ",6100000
"UCtg17AAUcgsfmTZ7cOojgpA",4700000
"UC9PgszLOAWhQC6orYejcJlw",4700000
"UCshoKvlZGZ20rVgazZp5vnQ",9.9e+07
"UC5rs0KQbynTiXjyhivBUkAQ",150000
"UCJ0q80Cg2mIUPqTigNe8ftg",1400000
"UCdAr9AvTbNm6M7nGNsornBA",230000
"UCu_YquoQYKR3GpP82TO-zRw",1100000
"UCiP6wD_tYlYLYh3agzbByWQ",5300000
"UCvmijL-eepDVHYSJHDY3d6w",1400000
"UC_gE-kg7JvuwCNlbZ1-shlA",8.1e+07
"UC9M7-jzdU8CVrQo1JwmIdWA",920000
"UCCUd6vfPvpPHBWZ6XwXAlRQ",3500000
"UCUd0P7GJ_6UiLcIpfKH9sCQ",5600000
"UCRq2IFa7h64OWUOKv3r2B-Q",180000
"UCtxMrki2fnCPG3GOX4kyINg",12000
"UCrqsNpKuDQZreGaxBL_a5Jg",7.2e+07
"UCx_dzPI6efSohgtOkAG43-A",1e+06
"UCKqx9r4mrFglauNBJc1L_eg",940000
"UCgWfS_47YPVbKx5EK4FLm4A",1e+07
"UC2oGvjIJwxn1KeZR3JtE-uQ",3500000
"UCjOl2AUblVmg2rA_cRgZkFg",1.2e+07
"UCWuj6cpZL_T1U508Y082u3g",930000
"UC-yXuc1__OzjwpsJPlxYUCQ",3300000
"UCdIRIVIc9JMnWzkKFettP8g",440000
"UC8I-UIlXPNS4luC4iV7dRdQ",1100000
"UC0rDDvHM7u_7aWgAojSXl1Q",2700000
"UCwNqHDsnBCKT-olwJwIFyfg",1400000
"UCGlhF-USvOYyo-VUbS7fKAA",120000
"UChr1sKJ27Fr6WZxAlusbo_w",4.3e+07
"UCLlgzYZqJYalr3bN1315A1g",54000
"UCAHWfoEatNl3QFloR8i5xzQ",270000
"UCHicabXz9rUMWLcdMqBtbxQ",43000
"UCWeg2Pkate69NFdBeuRFTAw",6.9e+07
"UCAbinsttOjP3NpPCn2G4Row",1300000
"UCfxbE4_BAlry2GFoNLDXPRA",4e+05
"UCZ_AAS3zQS53OOeeeY9lcJA",4e+06
"UCSLj7KIkNtX_3uiAjM-xyjw",11000
"UCswH8ovgUp5Bdg-0_JTYFNw",5200000
"UCBkLjpvDDdKbu18iMf400aw",58000
"UCFETBNtL5hZ9o2tXk18NTnQ",180000
"UCfCVlxInB4VuaDFLGqEQqaA",1800000
"UCXZioM6A3pMHBTwOLxEs22A",2500000
"UC2C_jShtL725hvbm1arSV9w",6600000
"UCko9jNGOhjjImjZRv7He0sg",520000
"UCak3selG2oi5vn7sbqdaULA",1400000
"UC8huWhDjI8UJK4bqo8BJ9WQ",2500000
"UCNnKprAG-MWLsk-GsbsC2BA",2300000
"UCMQCTweRp9G7qCQbJI9oeAg",8300000
"UCE7j747UY0ICJv9hZrDlxBQ",18000
"UCWxjmBr_YcW-MHb6rqd1Ygw",1900000
"UCwC1CTWSYnRT8YcuGa-NF-Q",130000
"UCzZRyclB-vV2KHBgE7ZV3sw",76000
"UCB4aBh7CFjUPGWZDKAWYTjQ",8000
"UCkzdZ9fvewhI33XAYlyzz0g",42000
"UCtg5C-d_3rPUgMaxr285mQQ",6300000
"UCVxotPxp9JUc4wBWmdyXhYQ",13000
"UCOPYfuB--fFoeU7eUM46LLA",1600000
"UCl4aCuVCJSs0dLD1G-aD33A",58000
"UCCKJzBnveLS7oLpS8Q4m2eg",450000
"UCFjOi1ZpZVErr8EYxg8t1dQ",3700000
"UCC8_YRJ7psy7uL1cTu1fPTQ",120000
"UCYJ61XIK64sp6ZFFS8sctxw",6.2e+07
"UCKdEsgHiM0SulsFXm7QMJAg",2200000
"UCdFzLvGttlTNLAEKWU_1wAQ",790000
"UC_4S7M87Wl_uE9tBtrxA_NQ",280000
"UCwjoPtSoNLAoX2sLBaKLYng",3400000
"UCPDXXXJj9nax0fr0Wfc048g",1.1e+08
"UCNLGEgoqjbOuqlI3fdFhzCA",850000
"UCNHqosTdwFPSK5OQsjFoS5g",2500000
"UChuulyyrq3ixbxixG0iaAhw",180000
"UCpEhnqL0y41EpW2TvWAHD7Q",7500000
"UCGhV3ncQJx4XNavXrFFTa0w",810000
"UCEf_Bc-KVd7onSeifS3py9g",9.4e+07
"UCJ6td3C9QlPO9O_J5dF4ZzA",2.8e+07
"UC2LOY_zd1ZAc1kZPyzoqhMQ",2.7e+07
"UC-XXmB9IHCUdteHjgmmsaeg",4300000
"UCNSH6TNRZA794tl8fMeffFQ",1400000
"UC6-F5tO8uklgE9Zy8IvbdFw",4900000
"UCa10nxShhzNrCE1o2ZOPztg",7800000
"UCCdv8O4SIcISvAW94XdZTEw",3.2e+07
"UCSVpCNZzOeMekuMiFze3fnQ",350000
"UCPidUmuGaKCgQBO0GbrK1hw",66000
"UCoZjwhP-clj1ZRKVZhm-T4w",120000
"UC7KGv_YorzF-Lgu-Wvo1BQw",910000
"UCYVinkwSX7szARULgYpvhLw",9.9e+07
"UCpT9kL2Eba91BB9CK6wJ4Pg",2300000
"UCacD2jzduYnUw8GjZJBNPeQ",1e+05
"UC_yCORmIAJntXQDSHs4iFcw",60000
"UCzTtkLZFy6wqD4SsA9_fTtw",1e+07
"UChhOtjq-3QyyLmP2jv9amrg",110000
"UCviwgqjHtq__f62aiXwcdNg",57000
"UCFQ4RX8Vo072j-NiNZkULOg",16000
"UCeiBi8gptAwNoIHrZ3OUUbw",650000
"UCM_FHvqIuFMAhoj4DsonEbQ",210000
"UC3ja-WVbXJf-9pOMrcmiw1A",2e+06
"UCsW36751Gy-EAbHQwe9WBNw",3300000
"UCtcQ6TPwXAYgZ1Mcl3M1vng",2700000
"UCxJrnvfqSSvly5hiq2Fe68g",3.3e+07
"UCVE91qOw9Ke8EsK95lMuF2Q",2e+06
"UCRX7UEyE8kp35mPrgC2sosA",8100000
"UCmh0HDSxGTWjcll5mcfEhGA",42000
"UCGbOTPDlBwkN-4N85dK6U7Q",2900000
"UClhH1jBUJDBsDMB7xe5D-mA",5e+06
"UCL2BnoeVmDODuNEPuxobpug",3300000
"UCcpgOnD67R6ILSIy5HBU9rw",270000
"UCSP83kLuC54Rz5EOr_a-Q1Q",160000
"UCebJXxmGVwRuYJhyNPXj03w",29000
"UCR1c65UsjpaVgcLKa7eM1tg",1100000
"UCpfAIVLEdyTp-HoALoz-gRw",46000
"UCRYASwREzEOEptJLi4AY6tw",360000
"UCs7on9W7SIbyO4f-Pb7lgbg",1300000
"UCH-_hzb2ILSCo9ftVSnrCIQ",1.1e+08
"UC5nc_ZtjKW1htCVZVRxlQAQ",2.5e+07
"UCl-HaapbCqGDw4SKfcSAqvw",23000
"UCLsooMJoIpl_7ux2jvdPB-Q",4700000
"UCJ2ZDzMRgSrxmwphstrm8Ww",6.4e+07
"UCOp8wkVqdrWbFYHjDv946QQ",5900000
"UCJpMgSf3OM3nJplxEnadV3w",35000
"UCyAN55vvo8odHHg7QY1pf5w",940000
"UC3KQ5GWANYF8lChqjZpXsQw",6.1e+07
"UCNhxq7He5p-_FdBh0OaxcQg",7200000
"UCVEbcFWM43PS-d5vaSKUMng",3.7e+07
"UCrNFXmtWRFgbMHYJpjS3_0g",7400000
"UCz0Qnv6KczUe3NH1wnpmqhA",1.4e+07
"UCH7yn-yKKUkwbuWEmlwh57g",3e+05
"UCtHimY-CLBNM_Rn79-T7ZQA",9100000
"UCQD_yZCS2BGO_BXtYrXFg1Q",230000
"UCi8e0iOVk1fEOogdfu4YgfA",3.7e+07
"UCVTyTA7-g9nopHeHbeuvpRA",1200000
"UCkR0GY0ue02aMyM-oxwgg9g",9700000
"UCGuiLc4BvsEpq5CsbvlHpdg",120000
"UCQeaXcwLUDeRoNVThZXLkmw",4700000
"UCwDSBKWg7QBm4an4E9K5c6Q",780000
"UCuCQXqQLAQuTObCGlTYDE3w",120000
"UCyeVfsThIHM_mEZq7YXIQSQ",2.7e+07
"UCLVVBWrp9jw4-SYUoU42hcg",3200000
"UCv-Or279OlKoOTvbUPkcWTg",1200000
"UC8pYaQzbBBXg9GIOHRvTmDQ",2500000
"UCR3asjvr_WAaxwJYEDV_Bfw",5e+05
"UCjTCFFq605uuq4YN4VmhkBA",6300000
"UCMry5jwn3fSxXqnqUUIcR0Q",71000
"UClpecjOSRWOaDw66E0DaC_A",4000
"UC0PXqiud6dbwOAk8RvslgpQ",3500000
"UCfPhyExfcaqJBKc3HO3cNBw",2.2e+07
"UCohaDz3UXnkvnAj3QdPotlw",28000
"UCKjjmMqvuxNYw8c6knceexQ",1.6e+07
"UCNbngWUqL2eqRw12yAwcICg",9500000
"UCFCtZJTuJhE18k8IXwmXTYQ",220000
"UC6QWhGQqf0YDYdRb0n6ojWw",7400000
"UC2-BeLxzUBSs0uSrmzWhJuQ",3600000
"UCA0-tJIG3bDQKoU8nh79Vkw",250000
"UCmPSwsooZq8an7xOLQQhAdw",2.2e+07
"UCERTKUMXl6x8G79BmG6KtpQ",9700000
"UCBeWGn3mho4_5Og6D4jHbXw",170000
"UCZUl92pJpNbvdQDPGOQ6xCw",63000
"UCxkkhCFRexEyFHUHEcH5Uzg",160000
"UCJekW1Vj5fCVEGdye_mBN6Q",150000
"UCDeqBZ1ES77u3J8NVh8xamA",70000
"UCmxCoyvGU3IndS7bm9oH3Vg",1400000
"UCaWd5_7JhbQBe4dknZhsHJg",6.1e+07
"UC5GfkRipCgMWa9asGx8S68Q",240000
"UCvLaRcvwQq4RCX-ER_zEG5w",1700000
"UCaQHxlbPAmh7VWRudyRkwjw",2e+06
"UCw0N2zPZlYsrUcVIJkI6mBA",250000
"UCk4Du9D3ai1FTbuI_-86T6w",5e+05
"UCSsWdUwr4UonSCAVH-k0_Lg",360000
"UCR5MHWsppEOak1jGTR3dJ2Q",230000
"UCK9oh53NmUu0kvUWBVG34kA",13000
"UCwMrVVdT2tS4_UjlqRFwQ9g",7100000
"UCbfqyzIlmkHPXsjVCjp1cGA",660000
"UCSWRu9m-HZANpMBBQuEf14g",310000
"UCixlrqz8w-oa4UzdKyHLMaA",120000
"UCIiBf-JbtCazHSFqXV4JgoA",1.6e+07
"UCwPRdjbrlqTjWOl7ig9JLHg",3100000
"UCp_r6Z-Oh0YTf-ym71z5Nqg",1700000
"UCh9tUJYX0xSa9OwLyBe-TaA",1e+05
"UCXlfi8sf6cKGQ8sOd0-yRuw",690000
"UCwmZiChSryoWQCZMIQezgTg",990000
"UCq3Ci-h945sbEYXpVlw7rJg",5200000
"UCmEO8Dcky7tUZaK2Gcw8sFg",840000
"UClozwh5URilIQpDFeXch8qw",660000
"UCTc0mrCjv-2-F5dMeji8fmg",240000
"UC0YvTCy1I4_a-3pn47_5DBA",2400000
"UC16niRr50-MSBwiO3YDb3RA",920000
"UCpNzWUlO6PVb_v7chefBnig",2500000
"UCBbfh65QEsK9UwEQpTmM_oQ",110000
"UCytmkC9CDv8XnczvER61C9A",530000
"UCnsQjCVzmEd-YvlQZbo6zCg",2.2e+07
"UCe3yZzUwpmy2eKKmF9svX0Q",2e+07
"UCu-qQNeaTJpbWB-NayPsABg",3100000
"UCuxfOdbKQy0tgGXcm9sjHiw",8.8e+07
"UC5f97D60yHa7UE9rFfbej8g",130000
"UCO85ZdttYa8r2dXMDC_KlxA",18000
"UCubOJL-OS1UnYpsZVKboAxw",820000
"UCFDuHygwf1RyH8j7cBsFObA",2300000
"UCAOtE1V7Ots4DjM8JLlrYgg",60000
"UCW7ck0jRwnXqmShjGdsaoPA",580000
"UCOD61z-vlytlhJDKje5zNPw",510000
"UCzufaGFZLYnIzI1QXNdk9CA",960000
"UC-GI5LST5T3Gw93yZxjdFaw",3600000
"UCDF_NIAEkcAUvzxe1DUzaQA",1700000
"UCFL1sCAksD6_7JIZwwHcwjQ",2300000
"UCD1Em4q90ZUK2R5HKesszJg",6900000
"UC-PHIZjV-oX8H7zD1cCN2NQ",370000
"UCxWkNmkeAL52VTJyBlIJRXw",1700000
"UCMyUqzl_H5d7deS7GHzvbzA",130000
"UCcn4UOBvB0W2HjCcLFLuu2w",3.3e+07
"UCrlQMmmJpMk85MGI49jdj6g",460000
"UCAXvfUwC7SIoC6f2ATpNfMg",940000
"UC8MtFrxbHIAUN10EsgFcLUg",97000
"UCogFmwd_6QgQ4qZtU2gDDVQ",320000
"UChxaVQzXj3noXD5QHBWXfEg",1100000
"UCV2P4cb6zDK0G7c9Qj0sMRw",2100000
"UC5MzAFj1U6Djzw6nUnsrLjg",1e+05
"UC-fS05Wyc-t7zHAhCf1IZcw",810000
"UCsPF3cApzCohxPp5oKdoWSQ",2800000
"UCeUYwh-WiIoG47ECQvQxKsA",3e+06
"UCZbgt7KIEF_755Xm14JpkCQ",1.9e+07
"UC1pOTJteEef10zJM0cHs4iQ",380000
"UCL8ZULXASCc1I_oaOT0NaOQ",1200000
"UCtInrnU3QbWqFGsdKT1GZtg",390000
"UC1pHFqCMAIHP8gr4lYGtNLA",3e+06
"UCB9_VH_CNbbH4GfKu8qh63w",1.6e+07
"UCFopxPIzSmGxO3tlb5cq3RQ",220000
"UCBJycsmduvYEL83R_U4JriQ",1.9e+07
"UCjtLOfx1yt1NlnFIDyAX3Ug",5.5e+07
"UC6xD-jKli-_qIYXDTsNv4dw",430000
"UCFqAAh4Tuy_wXWsUAIAVcLQ",9900000
"UCttspZesZIDEwwpVIgoZtWQ",1700000
"UC1oPBUWifc0QOOY8DEKhLuQ",1.5e+07
"UCit9X9KT2rmW7IIzQs4cdIw",77000
"UCNpLPsSmanPaD83VtTgMb3g",450000
"UCEXFDIAmobI0x7D7rnuCE7Q",610000
"UCyJrhZm9KXrzRub3-wD2zWg",1.1e+07
"UC-LPIU24bQXVljUXivKEeRQ",5700000
"UCpZ_DI-ZugwMzXcqccaTVsg",3.5e+07
"UCwdVyruxCCqMR4DtPLhtwlg",830000
"UClwkBPKzW8h_rfZWuG_kWjw",570000
"UCGVrxaJHUQHbPSUVDZ8sUVQ",170000
"UCDATi9UrhqjfVNxIKNizOiQ",1300000
"UCZhkUguiTBJVZrrdMSjLbsQ",1.7e+07
"UC6SONgSg4lR9v5-neA4DL1w",39000
"UCYzPXprvl5Y-Sf0g4vX-m6g",8.4e+07
"UCYwDp3hlpvvUNY--qI_lpLg",890000
"UCDDNDbbLT00jTrpuOyJKfiA",53000
"UCyQqzYXQBUWgBTn4pw_fFSQ",2.1e+07
"UCa6vGFO9ty8v5KZJXQxdhaw",3.2e+07
"UCHH9FQBvo3X4Vmf78c0OASw",360000
"UCV-iSZdmPWV9pq-t-dlYzQg",5300000
"UCyWqModMQlbIo8274Wh_ZsQ",3.4e+07
"UCgJRL30YS6XFxq9Ga8W2J3A",4900000
"UC-k_r0Z_2rylnG09FGIkghg",150000
"UCJZ7f6NQzGKZnFXzFW9y9UQ",1.3e+08
"UCEk8sB5zrlcxX0eulXuJOMA",32000
"UCRc1QYRg0L0q53wMAvUMxyg",6500000
"UCLCBelsE3F8CMxc5UJjqvZQ",1700000
"UCoT5KO-FWsYrgu6VW73v3jQ",1.4e+07
"UCw_T-wN5D_NbfwFp4ztQvBA",5.6e+07
"UCzUV5283-l5c0oKRtyenj6Q",3900000
"UC2zXd5Kq9Hu-_bwO1H7CD0g",2700000
"UC1AEadAUKi6Zt-G3PatrU-Q",2100000
"UCt7sv-NKh44rHAEb-qCCxvA",1.8e+07
"UCpDJl2EmP7Oh90Vylx0dZtA",8.7e+07
"UC5xK2Xdrud3-KGjkS1Igumg",1e+06
"UCeLPm9yH_a_QH8n6445G-Ow",4900000
"UCV1nIfOSlGhELGvQkr8SUGQ",710000
"UCOP-gP2WgKUKfFBMnkR3iaA",1200000
"UC4vWADRIGxBekUhQanBdWDw",560000
"UCe1T7EkHIHvOIWBG1Om8xHA",1800000
"UCYfybUu1hUKRZl3r7FYAgHg",9600000
"UC-DUrA-h7-s_C57ECJ1BFPA",3200000
"UCRijo3ddMTht_IHyNSNXpNQ",1.4e+07
"UCeMsqI6jU9WE2ctsrbxbywQ",610000
"UCisDKiJcYo9MlA4OnY8il4Q",1200000
"UCsRIHt5FkbGc6cQtCxt-ufA",230000
"UCg4nOl7_gtStrLwF0_xoV0A",7600000
"UCclHSnngVTZK7LEOQAzcg1w",1600000
"UC7yWixTW3dmfeXNsTxx8Ajw",410000
"UCSAUGyc_xA8uYzaIVG6MESQ",1.1e+08
"UCoLrcjPV5PbUrUyXq5mjc_A",2300000
"UC9Q0dAjbhv0FbwvoHRSmjxA",7e+06
"UCtgpDqkeOToveUgh8igrvXQ",3500000
"UClnKzwo9CPkYix6V9jK4JTQ",1.2e+07
"UCN5DIICIAeZFoyp2Kg8gkvA",3900000
"UCKab3hYnOoTZZbEUQBMx-ww",2.9e+07
"UCr5DGWo5YKsV7qg8vfPDsOw",6000
"UCIHHYnpaqR8njCYf9fLEgLw",2.1e+07
"UCPtLtJEoVSzd-zMlZaluxEA",3e+07
"UC14nwA6euJoytshwDMJZajg",350000
"UCc-YCLZsBzb3tytzEDToZVw",310000
"UCPZiqlNI3RLyF47QTdq93GQ",2400000
"UCC9h3H-sGrvqd2otknZntsQ",1.4e+07
"UCF2oW5-MO8dB6ul9WH9xi0A",1.8e+07
"UCeSKbGqOF0Rqka0XPgvMxfQ",490000
"UCaMaKqlQl3XrQNh5Fysf0rQ",2300000
"UC32TdiIsh_5X8tKr_9rKQyA",1400000
"UCYFUs5ws1FqIEw9NoqfQQug",250000
"UC3FBdA2krgGmdGdqxqDjElA",2e+06
"UC9diVCDUnRAB3buT1vLn4-w",4.6e+07
"UCtKnY1vJ37v-KPgejc2kkBQ",1400000
"UCcG6zooS9BlSgiT0_ICuD0A",2300000
"UCDsO-0Yo5zpJk575nKXgMVA",3.6e+07
"UC4qk9TtGhBKCkoWz5qGJcGg",9200000
"UC1l7wYrva1qCH-wgqcHaaRg",3.4e+07
"UC_LKhBiSqiBLbFC3wFY2BRA",2800000
"UCTZkycLVSYOvB7mhhhkRnuw",150000
"UCYnFCmOHHNrLYlb3lE-yYjw",360000
"UCBi2mrWuNuyYy4gbM6fU18Q",1.1e+07
"UCvsR0XwKGGgu0CBSFnjsHLg",88000
"UC_Ds7nedV3NqYf0zhpYti4A",5500000
"UCXa9irCtpM1t4l2cPuBKcQg",290000
"UCy0S4ABTUfuGaWpTeSflHLQ",1600000
"UCzNWVDZQ55bjq8uILZ7_wyQ",6700000
"UCddiUEpeqJcYeBxX1IVBKvQ",4900000
"UCxNkdjiN-zutIFvyH5g-c3g",450000
"UCCTR5nIFvWBW9MeGEGPNG4g",1.6e+07
"UC8vXGfLggx4CAFsr2i0IoRA",2.8e+07
"UCsLU6hQxEYuRSsJIBB-vsfg",19000
"UCCsj3Uk-cuVQejdoX-Pc_Lg",1.4e+07
"UCBdHwFIE4AJWSa3Wxdu7bAQ",2400000
"UCa31yJCxmmRfTUIMYrUQ3ew",760000
"UC9gFih9rw0zNCK3ZtoKQQyA",8e+07
"UCh0wrs-8ywjgZO7flfSmlqg",1.2e+07
"UC7w8GnTF2Sp3wldDMtCCtVw",3600000
"UCRpjHHu8ivVWs73uxHlWwFA",1.5e+07
"UCR0AnNR7sViH3TWMJl5jyxw",9800000
"UCmk5QB4JE-RT3ig4kvtVYxg",3100000
"UC-5d-QB8E4X9YYtRvU0We8A",1600000
"UCuYx81nzzz4OFQrhbKDzTng",4.6e+07
"UCx8LIRh6VuPamPrqYDNF2QQ",140000
"UC1VOZroPEnEaDDEqnMtdgiw",150000
"UCc-2P5tCezbxegb7gxp6EXg",3400000
"UCRdD55JrlRDzHeec3bKrH4g",170000
"UCH0i7KfVUWJTrrgwyIltJMA",9000
"UCU6Yy6QttlTcwf96aafYHkQ",230000
"UCY30JRSgfhYXA6i6xX1erWg",1.4e+08
"UCaDY8WjYWy36bnt0RVzSklw",8e+06
"UCdPG86Ahrf9A8YzBnFDAaEg",1600000
"UC0v-tlzsn0QZwJnkiaUSJVQ",1.2e+08
"UC-FQUIVQ-bZiefzBiQAa8Fw",2.1e+07
"UC4SUUloEcrgjsxbmy_rQQXA",2200000
"UCR0s2TFN6dp4BuF9pp-M_JQ",390000
"UCwJOLhqkBHVnT5wA1mkOzdg",590000
"UCiUiZUDSpuiMiiecRBEOZEQ",1900000
"UCrvHY7epa3hXaxsK6tdsp-A",1900000
"UCCjSkOjpRCp9s2tORCGDSug",11000
"UCffDXn7ycAzwL2LDlbyWOTw",5400000
"UCNTHi7T0rSRhjZ6pvXxuioQ",630000
"UCxVbAgOxi2HtYFmptzvILrA",4e+06
"UCuouUWCLmpG4Dje3Ay0p1oQ",5.5e+07
"UC_976xMxPgzIa290Hqtk-9g",1e+07
"UCbt63GNsB5wet6NO3dmhssA",2500000
"UC9CsZoTaHZqZjnNZv7v3T1g",1e+06
"UCERVhkIYIeEdTQkQciwDN3A",2100000
"UCmgwUR8qEQ3O6JfZB_-9WsA",150000
"UC-MByr5LRnWmVN94Ija4XJg",660000
"UCabfiEzAwNHfShgmt2Y--Yw",330000
"UCTpwJfKOMcaGOrVdccjnbQQ",1.8e+07
"UCS5Oz6CHmeoF7vSad0qqXfw",1e+08
"UC78PMQprrZTbU0IlMDsYZPw",690000
"UCjqZeIIXmNj3WS7auJjJFpg",1.9e+07
"UCHhXSfCzQYAAFkpdxr7QsaA",860000
"UCYhnaZG7onWG7Umc7xP-maQ",530000
"UC4MD5ujf1pPSQOx0iedibhA",10000
"UCSK57JMV0OJL1C7V-YOEVkQ",1e+06
"UC736wpHH44mdw-lhKTy89ZQ",290000
"UCuzsm6Qa5gNuyk1zezdguTg",1900000
"UCilIl97a4P1V2P6n5ypwKng",2000
"UCFPoJNd0d4k1H9A6UOlikcg",1300000
"UC1KPy3cAAj0i0RIFC_SzjMg",3.6e+07
"UCpko_-a4wgz2u_DgDgd9fqA",9.3e+07
"UCr8DuGAxtCxaKbnouZYBR7w",580000
"UC9cn7_hZ0kq2FwAtFMXNK4A",130000
"UCFFbwnve3yF62-tVXkTyHqg",1900000
"UCWZmCMB7mmKWcXJSIPRhzZw",3.2e+07
"UCt6_7e1yAZxhn5E2ojiZA6w",72000
"UCYx9lhCw0u2-OoqVtEU0IMg",1200000
"UCdAeRRjq6vjnAkxatZVxxxg",270000
"UCHZcTOQMlcCmONp5Apm6qSQ",260000
"UCqkMn9bYQlhgzEjbktzEQpQ",1.3e+07
"UCosXctaTYxN4YPIvI5Fpcrw",2500000
"UC59jm6JUT_PNciq8XNHDCbA",580000
"UCsU-ktDYPSvRyRqcFV4uXPw",1.5e+07
"UCzZ1I1j--g9sFVB-6-1yzWw",2100000
"UCwMAOmsaV01kh10BV6QBouA",21000
"UC65afEgL62PGFWXY7n6CUbA",9600000
"UCuBPlZTF6TGO0g58QgcgsxA",1e+06
"UCDF_b2O1L_z9YG8_PnCv0yg",16000
"UCYdNtGaJkrtn04tmsmRrWlw",2600000
"UCsP3Clx2qtH2mNZ6KolVoZQ",1500000
"UC-1yUeIiN57anOtGe-rAqrw",10000
"UCqYw-CTd1dU2yGI71sEyqNw",1600000
"UCSheQFEpBepkLd-Z1KiMCJQ",110000
"UC8GkZ5dlOrw-yN_nkOAIzPA",1.5e+07
"UCdmY7-vlZ3zx3oJdKSGfd-Q",190000
"UC7zHLmbmASW9zmLW8WpFm1g",820000
"UCs6Agc6DvG7dZ8X4wZiGR1A",2600000
"UC1zZE_kJ8rQHgLTVfobLi_g",1.2e+07
"UCF1Iftua-nEHhN-K6oL13mg",250000
"UCWV3obpZVGgJ3j9FVhEjF2Q",4800000
"UCg-YSRB6TsIq-c5PUZ0F1Jg",3900000
"UCww4HYJZlIk3fRgqTWEW4cA",76000
"UCLwUd5KtYONsRJ3UAOojZ0w",4300000
"UCnzbVkknmqhRqUKg7RDTDeg",4.5e+07
"UCqFCFEIqqh35HXvkl58CERw",1300000
"UCrd9neCNtPkvQukpNTYrP4Q",320000
"UC-r13SLLdZtZNmuC2bMnlmw",2300000
"UCgqDuPJqrvWZlMau9g1amTA",360000
"UCpqXJOEqGS-TCnazcHCo0rA",1.1e+08
"UCyEd6QBSgat5kkC6svyjudA",1300000
"UClsy9JcwIVaq29WhPFI0eBg",140000
"UCQjh-JVPNWfY-KsZS3RgRHw",1.6e+07
"UCJ6jdm9qTla9Lp3Jf-TPwbg",180000
"UCkpS96fmTFa8gGVWJx2uVAA",1400000
"UCRWFSbif-RFENbBrSiez1DA",1200000
"UCuON8B3q1FMIOSE-0sbC_rQ",840000
"UCBYep4DVyRjdnvBmzecTrpw",9000
"UCPv4x_sLkl8tsBCS--aoASQ",1e+06
"UCjdEg3t61ff5LTWrzeDnpvg",31000
"UCTzy4FQNreZnkPG7ZlkTA0g",890000
"UCbVVazARh3MouLsUayKUXDQ",130000
"UCSZ69a-0I1RRdNssyttBFcA",1.1e+07
"UCNo5XtuaFJ-U4GTthn54pag",150000
"UCOzdP6ZlqpPKDdx7zibzJmw",320000
"UCPT9_sNLoBLjH1uea7zpVIA",6.6e+07
"UCelMeixAOTs2OQAAi9wU8-g",7200000
"UCxcjVHL-2o3D6Q9esu05a1Q",3700000
"UCDxlpTspPWgj5tiblGZbJUw",130000
"UClqo4ZAAZ01HQdCTlovCgkA",470000
"UCjBO43ykxlSs3j7F7EXcBUQ",7.6e+07
"UCe2lzwsff4Jr-CrMxDVVF5A",2e+05
"UCyCm59DXgQzgIddBPI00Bgg",5e+05
"UCqmugCqELzhIMNYnsjScXXw",1.3e+07
"UCY8LnVxm0Hf7DKPKuLPxb2g",1e+07
"UCwiIs5V6-zX8xaYgwhRhsHQ",2600000
"UCkEBtZZfrNxTguvx1YEDIpQ",11000
"UCj2GTFekdV3EUsTVN8oaEqA",3600000
"UCzVIrPfZBE-XkBISBybMBLA",1e+08
"UCmlsu3V3SzIm2Jmo0S0qiMg",8300000
"UCV9_KinVpV-snHe3C3n1hvA",7.6e+07
"UC4kyYTypYb3mQ6ZL25kly6g",470000
"UCl9Sqgbs6w7pZMWr4yRPjiA",840000
"UCKy1dAqELo0zrOtPkf0eTMw",1e+08
"UCrIIH7yHQugaUuoTZDoEUuQ",2.7e+07
"UCFtEEv80fQVKkD4h1PF-Xqw",540000
"UCyb0T6J6nL5ibo0HLRMINKw",3.5e+07
"UCYiGq8XF7YQD00x7wAd62Zg",1.3e+08
"UCsk6PjpDJF5nr6x2xMB2cPg",85000
"UCJruTcTs7Gn2Tk7YC-ENeHQ",1.1e+07
"UC0tBaAQC0SIWnQv5JhoobZg",3000
"UC4iRwR3TPWhz1Gstf0sGZhg",2e+05
"UCz97F7dMxBNOfGYu3rx8aCw",4800000
"UCOtVx4fNTxO2nqeP8WKeV_w",180000
"UCGwPbAQdGA3_88WBuGtg9tw",4.5e+07
"UCGaVdbSav8xWuFWTadK6loA",3.8e+07
"UC4UI7s987kPE-_FZwO5RrBw",6600000
"UCKy3MG7_If9KlVuvw3rPMfw",2900000
"UCjNxszyFPasDdRoD9J6X-sw",2.3e+07
"UC9ULnkwvyofZ_sWrzRpyvrg",1400000
"UCUS_IE2XRoSvAiaKzOql21g",56000
"UCKNyDWvTFd13MqtDWIkbcZA",110000
"UCb3tJ5NKw7mDxyaQ73mwbRg",2.9e+07
"UCfsGxVoovxM9kX8mZhdKp2Q",1.6e+07
"UC7ZwhDs6jpReQrnKq4NUo6w",750000
"UCkIAPBRr82MUFDiHHjw8JpQ",2900000
"UChuLeaTGRcfzo0UjL-2qSbQ",250000
"UCt94dhpYV06IMOTXcGXt3eQ",1800000
"UCfz5rmyvOJK16EBW7ILaahQ",4e+05
"UCldfgbzNILYZA4dmDt4Cd6A",4600000
"UCXdLsO-b4Xjf0f9xtD_YHzg",1.4e+07
"UCNhzTWAd0xJqc-4lhdywhxA",150000
"UCXLZTfAmUTr1lGtlMKhC7sQ",1e+06
"UCLXo7UDZvByw2ixzpQCufnA",410000
"UCBAb_DK4GYZqZR9MFA7y2Xg",4200000
"UCwttCEi9Fq1DgTd5Anil6rQ",1400000
"UCHCph-_jLba_9atyCZJPLQQ",2.5e+07
"UCWm2S7ITZZPd2_UzMvBSshg",220000
"UC67f2Qf7FYhtoUIF4Sf29cA",1.1e+07
"UCJF4y2nyCCrDKTgA7dxz1Qw",1500000
"UC3S5gtXjd522gCtjOkYRUwg",390000
"UCfLuMSIDmeWRYpuCQL0OJ6A",1.4e+07
"UCuapoB5ePKwiU7zFqc4-weg",1500000
"UCKFIi1uWM9BCMb7O_GyvBsQ",520000
"UCmdY1pHB-KbFYxOyhwjVeQw",3.2e+07
"UCKyU-wd-KY4PMOcOpPQgQcw",3400000
"UCe52oeb7Xv_KaJsEzcKXJJg",3e+07
"UCXazgXDIYyWH-yXLAkcrFxw",2e+08
"UCKmlxQVs0vHtaLldRIQ8lsA",7.8e+07
"UCUtZaxDF3hD5VK4xRYFBePQ",3.1e+07
"UCUI17lXQLChtjCveKMq7Xbw",21000
"UC6KUvtitNkyAZdJpR03DAHg",110000
"UCRDrPY1NcBSjut1q65-Ydbg",260000
"UCxcmJGKiWhTZ9WHizqPhOHg",25000
"UCbD8EppRX3ZwJSou-TVo90A",2.1e+07
"UCm-rJAkz2CmvzipUF2GfDCA",140000
"UCXxHzg_vJFDHzG7bkLldegQ",1.6e+07
"UC5rBpVgv83gYPZ593XwQUsA",6300000
"UChTRw0OKvFG5k_RLBRmZ_sA",6e+05
"UCudeRz9YntRrmKBSqnHyKGQ",4.9e+07
"UCiCQS255rjjYYO2KmToErjw",320000
"UCfwx98Wty7LhdlkxL5PZyLA",6900000
"UCyEobXxpYV2yOEmQAa6J4VQ",5300000
"UCHeutVHJLy04ziYbYTy4q5g",180000
"UCPUeGC_AL-OnDQORKhRm6iA",2400000
"UCn-WnIG_oFOd11uKHESF_9w",520000
"UCULKp_WfpcnuqZsrjaK1DVw",1200000
"UCBaxgHbxxRGhvVxx3bniTqw",230000
"UC2W6UhKpcXfOv2heky0vb8Q",2e+05
"UCEWHPFNilsT0IfQfutVzsag",8.2e+07
"UCCGiOPUPTlQupYmDMpUxB4A",6300000
"UCNF7FrFO1LS4bteIV6npJWQ",650000
"UCGS474QoP8SCnSo6hOCaayA",390000
"UCUsCsUn7qNHUAE4PHVF4cXw",2e+05
"UCVUdHi-tdW5AKdzMiTPG97Q",2e+06
"UCICPT361YqWLKV7dG44ygrQ",92000
"UC7_YxT-KID8kRbqZo7MyscQ",1.4e+08
"UC9CuvdOVfMPvKCiwdGKL3cQ",6.9e+07
"UCy9xDEfMD8jrXU3NatFLLtw",1.6e+07
"UCHqibHqO1A1F66jHPvNmw_A",5100000
"UCvB3solmhqtgDeLpD-yTtfg",9500000
"UCC7tqA6lA2QRw4BdrAEKFxg",530000
"UCH9ciCUcWavMsFcAJtLUSyw",7800000
"UCFpI4b_m-449cePVasc2_8g",960000
"UCfyehHM_eo4g5JUyWmms2LA",9700000
"UC3PYGKK29qJ0zu-eEthHK4g",450000
"UCCpmnmVYe2vhot50IBFsT-g",1000
"UCkbJc8jMcTXwhtmN5VMwfXg",370000
"UCK7IIV6Q2junGSdYK3BmZMg",1.7e+07
"UCkDbLiXbx6CIRZuyW9sZK1g",3400000
"UCNhqvQMXIgRfjAGmxQqdNRw",6500000
"UCFYfgFdzvo6Knz1GfP5toGQ",5400000
"UC4f1zAG2BTkfOQV4_nFbpBQ",2.9e+07
"UCnk7bkIwjzxE_LqBmjekLBg",2e+05
"UCwn0jaGbgMkYioOWBzMog1Q",1700000
"UCWwgaK7x0_FR1goeSRazfsQ",3800000
"UCW6BEk2-Ve8SPl9NlVXqz6Q",1100000
"UCqhnX4jA0A5paNd1v-zEysw",1.6e+07
"UCNyJk0eoESO3CxAmrktAB5w",1400000
"UC5gMqlsgo6OUu9AjBosggcw",180000
"UCFybDyeFlJCPYGcNJROrOZw",45000
"UCpcTrCXblq78GZrTUTLWeBw",2400000
"UCPDMlmM_MeVAhYydERXJ9pg",12000
"UCtpL6HyBK-z16GbJguHf3JQ",1200000
"UCR4s1DE9J4DHzZYXMltSMAg",3e+07
"UC3C-M-gdn2-muoxQvVAxO-g",77000
"UCE0ikSo6LIH-lAoaq2a4lEA",340000
"UCgef_fFE9FEFZGQcHqp9aZw",2e+06
"UC14UlmYlSNiQCBe9Eookf_A",5400000
"UCEORB2erQblq7nNTklPdE9w",1100000
"UCqyI8UwvJ1_j1Aql6-YT9kw",5000
"UCp1JDmORpR7wxtvCijaSF8w",7100000
"UC37BPLRnJzSuPwbV07F2PUQ",220000
"UCM-N7EdUjsbEWCOEHuxta4w",82000
"UCSReacwdlGHHyTIyuROhVdQ",1e+07
"UCT8Rf6QQeFADwyyPTrGgT4Q",2500000
"UCBBi5zCvAvvXbcgwUWV4wjw",3500000
"UCdxi8d8qRsRyUi2ERYjYb-w",1500000
"UCtpdg7cmwSNkCtU57hGDm9A",22000
"UCC-WAxNanxTjOkT-fGioVMg",84000
"UCC-RHF_77zQdKcA75hr5oTQ",4100000
"UClvgyQvIplPQU8N73vPlFUA",1400000
"UCvTqpl1DVmGBALUe3tn5Rlw",29000
"UCJY3eGNWSFRi5YnQiUyIgRA",490000
"UC_GvMVffgctSISDkeWlKhXQ",1.1e+07
"UCs8qka8tfhdc69wzXYdtZ3A",8800000
"UCq49Dchmdahq2tS9TJCv7XQ",920000
"UCMjd-1F53XKknIcMPtAOmJQ",1e+06
"UCmtQGojT9O2LVzVIVKDGEjw",1.1e+07
"UCmodxR4_K1etm64BTVX9hsQ",250000
"UCUK0HBIBWgM2c4vsPhkYY4w",1.6e+07
"UCvASwurO-KQMoLVHWKdwT_w",930000
"UCvFXXIn7yfM297YIycnFDWw",2e+06
"UCvsye7V9psc-APX6wV1twLg",1.9e+07
"UCe_vXdMrHHseZ_esYUskSBw",2.8e+07
"UCPARDnYdJQBJID-qyefVKcw",870000
"UCCgom-QQIOMQPJ42-E8eqdg",21000
"UCVq1Crat76rKsgu6WosKwmA",1600000
"UCBkHxU4e4bT_q5UxhYfsGjQ",1700000
"UCeZiul_hKxc-r0yEL27i1Xw",2600000
"UCIPA6iWNaoetaa1T46RkzXw",6.5e+07
"UCcGrqVONDKiBiRjNKI8EsOQ",64000
"UCEXreSptvV-uIrs4JcX4upw",820000
"UCGCPAOQDZa_TTTXDr5byjww",6.2e+07
"UCPigm-S4qXw2PSx1UEeEChQ",9e+05
"UCnfQ5zUjQdPMWnrhRUN-wZg",2300000
"UCHkh8YFg0l4tkY6_zvzdd5w",4.1e+07
"UCJjSDX-jUChzOEyok9XYRJQ",1100000
"UC0u9FKn2vM0HRhQx_eI5qwQ",9700000
"UCpsSadsgX_Qk9i6i_bJoUwQ",1.8e+07
"UCyl9jVeAMwfJGK0vHmp1iqw",2100000
"UCrFDdD-EE05N7gjwZho2wqw",860000
"UCTnRxVUPssiL7H29ON07t_Q",290000
"UCvkvmLBdHodQ-a-6LeYFP0Q",1600000
"UCzWQYUVCpZqtN93H8RR44Qw",1.3e+07
"UCP-Ng5SXUEt0VE-TXqRdL6g",2800000
"UC6107grRI4m0o2-emgoDnAA",5300000
"UCQ7rCjQe2LSyl9uT7A9Zr4g",350000
"UCMC76gnod0teGEDlpt3IHwA",4400000
"UCCSjM_zelGBZ8Q3jrPGWvXA",370000
"UCLj9FG9lupCV-sRdfGx6DWg",220000
"UCjmJDM5pRKbUlVIzDYYWb6g",1e+07
"UCvphW8g3rf4m8LnOarxpU1A",7.8e+07
"UCL-8VPSPGTDkyw7pOVVYgjw",77000
"UCAXR2zenCwvRIyQd9ydtfaA",4200000
"UCdi7oRsTnj8NHxqa3L_zrBw",89000
"UCfRUa1Z5gTknsMMaKLthZIg",260000
"UC9w-h_ciMmX64TcLRcb1xPg",1200000
"UCa8xjJQ3lRRoUKOFJrmUZXQ",1300000
"UCP9UbyolDGFwElD1vg0oOiA",2e+05
"UCyWrZ3uHnN4izMD_xlwNJVQ",3400000
"UC_6zPf4uuteHFFctnQtEaXQ",4900000
"UCVtFOytbRpEvzLjvqGG5gxQ",1e+08
"UCDhhn9AA_39lbEK6jiLJbHw",310000
"UCSs9H1cyB3OHdy8wkit8ZKg",910000
"UCBHNpZdf3he6kvzyescOBAQ",490000
"UCVrstuGnHjpUXr9G98wwKow",2700000
"UC2VKCoZND5PENxAXLl8r6Jw",3800000
"UCbnJMCY2WSvvGdqWrOjo8oQ",1300000
"UCoOLXuyAZa4G_GRWOpeyXaA",9700000
"UCrlFHstLFNA_HsIV7AveNzA",1200000
"UCj9wVjgh1TmUPCwrSSWly7Q",590000
"UCptyYDiGZ9hs1pH0AaoBTxA",98000
"UCIeNlITYK46VkR7yIuTL8GQ",720000
"UC0IxHRxK25VyVoMddDKioQg",1e+06
"UCOpUWgNJq1kUlB3Z5KM7X-A",2e+05
"UCFIdU1RkuRd26YDA7lerfEQ",6400000
"UCm3hAp1m1xlAz0ve_EKAo4g",4e+06
"UCCHcvwzj8azK7gUDCjbPMgA",6000
"UCCCysu6ecuB4TFqzkyxLJaA",2900000
"UCbYUa_MhIQFoS1i0xaNDjTQ",170000
"UCSoIuziwZeoV5bAFEr2I-Hg",360000
"UCi25Xdk-495BahMAAgKHXQA",860000
"UCxhPXCaIGhyt2HOrJkoVuGA",640000
"UCGi_crMdUZnrcsvkCa8pt-g",2e+07
"UCgJjd8J5moTQSwnCIx4WSIw",9100000
"UCJY9FpmzuNm59D1RMuYcABg",1200000
"UCVd8sHiijL9nO_57uJAUV6g",110000
"UCjc-swOwNYV8d8s_1y_j7zg",1100000
"UCpdK1NLHxEUGXc1gq2NxkTw",1.7e+07
"UCSVSS5aSyHh7ChJlICx_Gkg",920000
"UC1fzsH0I-YbOwOJGHENaeQw",5e+05
"UCWRV5AVOlKJR1Flvgt310Cw",5.7e+07
"UCFBjsYvwX7kWUjQoW7GcJ5A",7300000
"UCUgXK2UjZ8G_EM438aYkGrw",2900000
"UC2rioA4YYH4kv2PQOXnpW7Q",190000
"UCK4K2-u8aXrVbyvmL7UZKGA",280000
"UCU3V6u-NFi4TshSXiaWxQbA",1100000
"UCe2YQ986DdKliHNvE8va4kQ",1.6e+07
"UChX2haJZZJOtIIrdqLPvQWA",6900000
"UCV4xOVpbcV8SdueDCOxLXtQ",6.2e+07
"UCE97AW7eR8VVbVPBy4cCLKg",1e+06
"UCClNRixXlagwAd--5MwJKCw",4.3e+07
"UCfiwzLy-8yKzIbsmZTzxDgw",3100000
"UCok_yhjwg4WSx3s_2Yh8ZjQ",6300000
"UC9QCCu-gIHaJq9XBTVY741g",64000
"UCPSGGjY1tWmMd8O2WiEjgYg",4600000
"UCWr4vlkj5xXQ4bSXNeTT2AA",2600000
"UCww2zZWg4Cf5xcRKG-ThmXQ",2.4e+07
"UC56gTxNs4f9xZ7Pa2i5xNzg",4500000
"UCh715KhLM7vbOwozSXLWI_w",6.7e+07
"UCbTLwN10NoCU4WDzLf1JMOA",6800000
"UCoXgtalJuJeGhphzD61Nmyw",2200000
"UC8f7MkX4MFOOJ2SerXLInCA",6800000
"UCOY3VWW4NGQAue_rqTBtdhA",1.6e+07
"UCMEiyV8N2J93GdPNltPYM6w",1e+06
"UCbt3UL5blPuHbgnLZPZVamg",150000
"UCJatXmy5PyaZ6gFs-NEAFWQ",2.5e+07
"UCWvdu_1P8FWLNx_QhGrwAyQ",350000
"UCVk90Gy_bAnKfyeyEbH3-nw",1400000
"UCm_idleEc-Xc1gpU77ygTEA",31000
"UCvfjriBh19Ddej0thncagUA",2800000
"UCuxp4oKCiK7XB9fS12C0TSQ",160000
"UC07CU4Lnj8U4IvhaDPdXgpw",620000
"UCmqfX0S3x0I3uwLkPdpX03w",3e+05
"UCawK_iO6A0kA9J-IGF56nGQ",290000
"UCQphRgAhj5UxktrQNP3WF5g",6500000
"UCV1SycDpnU1A2dXqob6Aowg",35000
"UCfwMtPbRx38cg7qoQJ0iUlQ",7200000
"UCLvBQc5EMnZbfjrU4EFUxqw",3e+05
"UCRTOI5zhwFU-1eooSzgHAHw",3.8e+07
"UCTDTSx8kbxGECZJxOa9mIKA",620000
"UC-27_Szq7BtHDoC0R2U0zxA",3.2e+07
"UC_i8X3p8oZNaik8X513Zn1Q",4700000
"UCfs7cAZPhEjjDUBFeYOELug",10000
"UCVsTboAhpnuL6j-tDePvNwQ",7100000
"UCRQebyNJm9YRyO5h0eWEVhw",2200000
"UCRxDTCmIjgli-Xgh2KPE9dA",1500000
"UCJ5v_MCY6GNUBTO8-D3XoAg",7e+07
"UCymUPSH33VdwLa0vpY-18Dw",520000
"UC-2Y8dQb0S6DtpxNgAKoJKA",1.8e+07
"UCIWZ1_W5BqsvW9fm1cYFPpQ",2500000
"UCO2WJZKQoDW4Te6NHx4KfTg",1200000
"UCYEN_02bh7qwK3buMSpws7g",130000
"UCCJvN30up_Sunwgvprt-M_w",7e+05
"UCJkWoS4RsldA1coEIot5yDA",3400000
"UCo83OnV1SoOZHPQd1UNMx-g",530000
"UCF3K1Jf8hjFW8qliei8fQ3A",310000
"UCyQobySFx_h9oFwsBV0KGdg",490000
"UCvqs9r3h9dh87lRHSatDpNg",90000
"UCgc00bfF_PvO_2AvqJZHXFg",3.6e+07
"UCHIwQiZhIn6fm5b_IilqBbQ",3.3e+07
"UCmxXNp3EErSfvSXti76x3hA",790000
"UCUjlPym2cxucUVPdE8kYOOg",290000
"UCdgDIIKpFlpHB1L0LZnh5EQ",2600000
"UCXN6dUO4RBUs2FAK1e9Qq7A",140000
"UCoB7kvXc3E3pt6tDL2fLb4Q",55000
"UC-Qq6lh7rkV1KqV9WjmRNgQ",49000
"UCZf__ehlCEBPop-_sldpBUQ",2e+07
"UChApbc4FLJC3DJLLryGgCSQ",2.4e+07
"UCsooa4yRKGN_zEE8iknghZA",4200000
"UCWcrr8Q9INGNp-PTCLTzc8Q",3.7e+07
"UCC83eap-hc6uFQHRJ2F2LNg",3.1e+07
"UCV6ZlWpVitOcQvaL_RFgu5w",3200000
"UCPde4guD9yFBRzkxk2PatoA",460000
"UCeC_8IujSypd1ZK_Rm1Yt8w",19000
"UCGcheBSVngQt09ubb0BZyJw",5600000
"UCsQnAt5I56M-qx4OgCoVmeA",6500000
"UCTZYP-LKaYLz1IiUPq6eFlg",8000
"UCq3zaHCaZtb3TtNwwz0PK2w",2.1e+07
"UCJAbkIY17zAmCTNQHH0bQoQ",1.1e+08
"UC5Y35HzjHnxi2Dk8Xk8Cllw",8300000
"UCLcVrMNmnc3wnjm5IbZ8vgQ",20000
"UCzw-C7fNfs018R1FzIKnlaA",3.8e+07
"UCzH3iADRIq1IJlIXjfNgTpA",1.4e+08
"UC6rCV44AjHlcyuuQ1Jxf3TQ",23000
"UCH4KR4_UxYIfQDTHaPeMWtg",750000
"UC1ieoHqKW-yYgDhLHIcx28w",1.3e+08
"UCPrbArysdf6neOcQPaxzxFg",1100000
"UCCj956IF62FbT7Gouszaj9w",3.1e+07
"UCPDis9pjXuqyI7RYLJ-TTSA",2.8e+07
"UC4fmBMzf7iWyFx7ysCCLqDA",670000
"UClR4-wFdn2IHqlYaEpsKIpg",220000
"UCVp3nfGRxmMadNDuVbJSk8A",1.8e+07
"UCjxq9YFOGXx_wPr5Z8jidEA",2700000
"UCORIeT1hk6tYBuntEXsguLg",8e+06
"UCR8Qn9s6He1Qtph73fiDmWQ",740000
"UCoookXUzPciGrEZEXmh4Jjg",7500000
"UCrjlKkKTAyNn6gekRM3p0Aw",1200000
"UCCGLzU6yF7DBAIg0493j9ow",1400000
"UCYG6DQUw79szmnuNux_S8pg",1900000
"UCtA_y4C_AlqB3Kx9g5UArEg",5000
"UCmGb2fqo-BLtMm46F3qTumw",1.4e+07
"UCgPYOLbcgxSBCAmlaihQyMg",190000
"UCfztuMBrL9F-KqLZk_SY9TA",2300000
"UCWSuUgXtU4wgg_L7mE0_0lQ",3.5e+07
"UC2hOXNpqlIaPB_aAozzl2XA",2000
"UCnxJP93YDwLlQ_UrJ-rWHDw",250000
"UCyKa1YNZLio6XfjMR7fw45Q",3100000
"UCofCm1vazOtrJu51EgF1hLA",1100000
"UC9MzPV0ePChsUMkbyE6JDPQ",630000
"UC9Pj0EUibBF295jWHRSDJqg",1300000
"UC8CQV5pClsZeZN8EFZhTMog",1400000
"UCUR_q3i5yONr9BghspQzqyg",9700000
"UCdknlZNiH-2VWrvjXkx9dJA",1600000
"UCEIMvzf3R9d3_2A3IAajvHg",6600000
"UCuw8B6Uv0cMWtV5vbNpeH_A",5100000
"UCLE2DRceHB_EZJA0esMjU4g",2e+05
"UCX0lLUgD8kvt0IWwQZI35yw",7100000
"UC_LnRBL1DQIt1YO3wlN7KeQ",590000
"UCqFMzb-4AUf6WAIbl132QKA",5500000
"UCMpOz2KEfkSdd5JeIJh_fxw",1.3e+07
"UC_pZxiIq8BRJwG55Wt83WOw",730000
"UCIMzhx509wEXMuGkTK-kD9Q",1700000
"UCJCx8aQrdx_ueXPmxTD2odQ",4900000
"UCupvZG-5ko_eiXAupbDfxWw",6700000
"UCVPYbobPRzz0SjinWekjUBw",2.4e+07
"UCq2xl8Soe_NxR9EzLmahcTA",2700000
"UCffdZGxiVRy3i9EaZF4m0wA",4800000
"UChlgI3UHCOnwUGzWzbJ3H5w",250000
"UC6oZDJZhFSFjSSHpzkyr03g",8600000
"UCvVuqRzGVqRlmZYlTf99M_w",7.8e+07
"UCXIyz409s7bNWVcM-vjfdVA",1.6e+07
"UC1xvP0LqUviUOxvchL5goSw",5200000
"UCa6xsp7d4s-NgpPUGc57ZGA",460000
"UCKqH_9mk1waLgBiL2vT5b9g",9.9e+07
"UCmbnlwXAdGYACzvStDjquaA",2.2e+07
"UCK0KigJ2jJ8UXKySrV77KJA",150000
"UCyBQbjyvfPlnoPJmnFHJXTg",170000
"UCoDFcx4kSN68yf6SQ5RY_UQ",130000
"UCdu8QrpJd6rdHU9fHl8J01A",5200000
"UCf574zNwJnOr_1qdoT7tdGQ",1.9e+07
"UCAAszizDDdScfqclAybLiEA",5300000
"UCCy2rLnGdwoJcSAtixNdsPQ",1300000
"UCbXvIyWmJbFwQ_4IIVxEuJw",290000
"UCb95GzFiBNC8LgSh7Lituuw",99000
"UCdUdP5BeOsua_j3u-0ZbL5w",5100000
"UC5DXIGh6zwIdvhS-4Toh6Gg",550000
"UCVpGiJmXoTpjrpkVEAfbpHg",1e+06
"UCiMgBV0puDbAGdDUcVyNdVA",3e+06
"UCT2kGKUWtH4Z69N3cs4VQBg",1.9e+07
"UCz3ZTkHGStSYVlh-ibvbk4g",670000
"UC2el0G8cIcOOdjlHy2KOBkQ",4200000
"UCBMvWaA97BAegvJ_Hz6Vwuw",7800000
"UCyfkoMQeJOoEt3ZhY3PI6Uw",1300000
"UCjKz90jYr_0-A6CTQiWMESw",390000
"UCiliG5VxHNHJR4ooEW0R0dQ",340000
"UC9wLG7UmlTKmjWI3Ri9-CqQ",190000
"UCaf5ipwBDdTcsV6KInx2EkQ",11000
"UC4AOIba1H86FULnZ8YSyqyA",3500000
"UCQJuZxeDv2P05YHcC-tIEVQ",9400000
"UCDpi86-drykZcnaDmR_4Yqw",4e+05
"UCrUbqTCagwsaP2Fmr0p1TsA",3.4e+07
"UCP7pzZvwDZEEDCctFPNTV4g",61000
"UCtBhha6b6npaPRMzVFGt5sQ",4200000
"UCCiSF-QXf948TJ_sYjMPcNQ",2600000
"UCW3T8dQVEynwj6-_DArcM7w",980000
"UCwz6oWkwVQng955vNgM5nNg",650000
"UCXgfQbfVvYA9G9-Jb9cBSYg",5200000
"UCtm_QoN2SIxwCE-59shX7Qg",440000
"UCZGNMhT5uNJjL8zNF5tNZsw",970000
"UCeiYXex_fwgYDonaTcSIk6w",2900000
"UC_eQfAQjj6mYj92l3SBmIdg",1400000
"UCYYWb4JJpGZt7XhL9qxD2Tg",1.6e+07
"UCVfQkDXSIQwHLsaKf-kVVYQ",45000
"UCv19wS9-3PU1qih-H6gVrRg",45000
"UCuHzBCaKmtaLcRAOoazhCPA",6900000
"UC1PloUeSfZql4wbCRM8_2AQ",2e+05
"UC8iOxoMyDKmcVO8TL_20kyg",2900000
"UCPcFg7aBbaVzXoIKSNqwaww",3.1e+07
"UCOKsFInOx-GzAEZvjloIj6g",7e+06
"UC_kYlv-j7o3j1979t35htzQ",190000
"UCEPKlFeUjRY_1mpZP8GnkVg",9300000
"UCK2ACorzpH-igxuHZ2ObCEA",3e+07
"UCddYq41_tZ1FnLlguLT6-Ow",5.6e+07
"UCnTJRksbHP4O8JSz00_XRQA",14000
"UCOYX2-hHsEOn6dbTg9mb9lA",1800000
"UC4rasfm9J-X4jNl9SvXp8xA",3.4e+07
"UCX1xppLvuj03ubLio8jslyA",6700000
"UCxXL3dBkzBl8v3PUl4yleyw",1100000
"UCj2HtBTppiQLVrZfEjcFxig",3.1e+07
"UCX6b17PVsYBQ0ip5gyeme-Q",1e+07
"UC8HQ5RQsiUTvgDkSmkVzfvg",8000
"UCLWOQczGioqjwq4sfNPa0vw",120000
"UC0vBXGSyV14uvJ4hECDOl0Q",3800000
"UC_J_9-qRfVtKIkq7SxxVbhQ",350000
"UC99LgIedzGD1GirhFGldfUQ",1.3e+07
"UCQ9DCwtXyXPHL0a79qk-Yow",280000
"UCzoFjzSkbrDD1GHsz2YNLig",250000
"UCQYY7FZ_Xph6HaYZtKaE-HA",140000
"UC2PgM2cakYLh_m90pctX5xA",680000
"UCqwGaUvq_l0RKszeHhZ5leA",7.3e+07
"UCFBcrywVNeUOqtJgGhPEvQg",3.7e+07
"UCwznTWIqJj4QabmxMMuZk8w",13000
"UCJM0ZIGPX2pad8IzopUkbIg",3.4e+07
"UCixvwLpO_pk4uVOkkkqP3Mw",350000
"UCY26xU0-avwTJ6F6TzUZVEw",2100000
"UCmY3dSr-0TOkJqy0btd2AJg",2900000
"UCvgfXK4nTYKudb0rFR6noLA",6700000
"UCjwmbv6NE4mOh8Z8VhPUx1Q",2.1e+07
"UCMuPLU5S9vVC5tZAiPVt4HA",2400000
"UCnEiGCE13SUI7ZvojTAVBKw",790000
"UCfLTxnQboSLcoSakgONmukQ",5100000
"UC1OFDlfdRb6ma1ZGZd07gWA",4.2e+07
"UCxms7gKBHz2cs6VSSza4YgQ",17000
"UCxOGHW-aqciBe5Wjq8ltzOg",2.7e+07
"UCi87kxosIT3wrnEA-mv4jWA",1.6e+07
"UCyGVGJRheNR9uZGUiGsNs0w",230000
"UCLcCpNY-zaL3vEERD5rh5Ew",1.3e+07
"UCbxjDfYwfF8RjYBp5htJ38Q",1400000
"UC_pwIXKXNm5KGhdEVzmY60A",1.5e+07
"UCydnzlUFgv1qoVL4puLczJw",6000
"UCwJZiyiR1aDwEL3Gkm7entw",260000
"UCoB8h5pwZMWdSUSrter510A",150000
"UC--NQCwTnFcXDWpNd7kXE6w",1000
"UCs2t9DlvAuyTBkvk2djGZKw",1.6e+07
"UCWljxewHlJE3M7U_6_zFNyA",4.2e+07
"UCHfdTAyg5t4mb1G-3rJ6QsQ",5.3e+07
"UCD-NZ6Gm9jk1MvjVLRT1NOw",8800000
"UCT-LpxQVr4JlrC_mYwJGJ3Q",2600000
"UC82o9tQyo_cJhtyoFi-ROEw",620000
"UCsaKxIA9snv1Wrh_sw1DFvg",8200000
"UCweOkPb1wVVH0Q0Tlj4a5Pw",5.1e+07
"UCU0nCk_dDYf2PavgLbfgihQ",3100000
"UC989Q1PCa5l3mpIs7GBTgfw",73000
"UCVLfiouwrA-VoluheMvpHWg",34000
"UCKqSXA4MMqy78XuPT0PX8TA",61000
"UC2LgZ_4GzSFQS-3a87_Jc6w",1.2e+07
"UC7DpParfqYQEbFGt5eTX5pQ",8900000
"UCt-WqkTyKK1_70U4bb4k4lQ",3600000
"UC7Uibumwcqq1yOvlK9yq7nw",6000
"UCkyrSWEcjZKpIwMxiPfOcgg",2300000
"UCm3Y5mfuO7pf3SXQILf3Obg",1.4e+07
"UCVxmo7C8ltLt5u19NKrUNAQ",890000
"UCfWqafyV4h6S_U_QpjT-6Ew",4.1e+07
"UCjlRdZDuo2UW_TZu_0FvoDg",270000
"UCe9oofjVfJzapRyVlt57x8Q",4.4e+07
"UCu59yAFE8fM0sVNTipR4edw",180000
"UCcHtke0raf8vNYLM1Hbq3Jw",1200000
"UCzWygEC8zQKYpCp7nwX_M-A",6e+06
"UCE5910LWuMTGWmIJ_WE3KvA",86000
"UCG9gfnA5UDoLvz-tC9B-HKw",4.2e+07
"UCZEbOOiNiR7pjE2Adb7TUrA",90000
"UCvqRdlKsE5Q8mf8YXbdIJLw",7400000
"UCZMBZEfvGdlTpOZm-fLY2lQ",3400000
"UCoxcjq-8xIDTYp3uz647V5A",5500000
"UCkRY4J8G__K8SEWZRLbke-Q",5e+05
"UCB0d0JLn1WcGYcwwZ87d2LA",1.9e+07
"UCJSheG47lgh1oUBaM9e4kSw",2e+05
"UCE1q34IyY27CI31HFkeng0Q",110000
"UC1-VOKyTJrgLiBeiJqzeIUQ",1900000
"UCsT0YIqwnpJCM-mx7-gSA4Q",1.3e+07
"UCEY1ejsweY4DgMwOVJeEaBA",4.2e+07
"UC5QA3ePozxshgdIbYafT_fA",1.6e+07
"UC8rNKrqBxJqL9izOOMxBJtw",9.9e+07
"UCGDJLLphnP0zQQaE3kgo5Wg",320000
"UC5aeU5hk31cLzq_sAExLVWg",1400000
"UCsAegdhiYLEoaFGuJFVrqFQ",1.1e+07
"UCQR_jO1aqpsdfrZNHkoSjDQ",3.9e+07
"UCe4Gy3xDG5K0xuRKm7a6l_g",470000
"UCBNXKrniCm4Qd9v5tTzY-aA",980000
"UC5A-Wp9ujcr5g9sYagAafEA",3400000
"UCg1uYO329KcAEN-PQdoQMKQ",1900000
"UCBzfdgfIAANfgP3xyhVaEfQ",1900000
"UCEUf_uUDUfJJ3XfgwOxm-0A",5e+06
"UCedcH2kb9dRn6qPcafYF48g",640000
"UCNrfpyNlkBW63rgTwX1fGgw",3000
"UC2C-970d2o-YGLPqsG6FcWQ",410000
"UC-Ba10Rmz8pFivAVdQNeFyw",2500000
"UCdNjexbIS_NKJC4ZRwKf9ag",2e+06
"UCZ90tZPn-ue2BmRAcDD88tA",1.4e+07
"UCyC_4jvPzLiSkJkLIkA7B8g",4.1e+07
"UCQ3YBTfFqOelvIjk5TLXlfQ",880000
"UCG4dadF2w8Z95qz-vJ3WkqQ",360000
"UCWZRANKlxNe_4QKiqBBCTOQ",8300000
"UCOpcACMWblDls9Z6GERVi1A",2.5e+07
"UCD-aHqZMn6eU1zA15md1I1Q",2600000
"UCFWsjsN53Sqvg2pWhSFmWBQ",2e+06
"UC_39VhpzPZyOVrXUeWv04Zg",5600000
"UCPvEbO2bI5x1MVLUuRJoZXg",110000
"UCAFviUOT4k8mlwxvnvAn8sQ",8000
"UCJi_befq0YDYJ9fCeyHxJbg",2.1e+07
"UCe4LM_eKc9ywRmVuBm5pjQg",4.3e+07
"UC5VnC5l4dkFR0oVaPL_en2A",2.1e+07
"UCNBbCOuAN1NZAuj0vPe_MkA",1900000
"UCq-vSTqa-OPeMzx5fjH9w_w",1e+06
"UC-KQIG4-dyR1kIHCQFOJ-hQ",7100000
"UCF_1C_TUmcGoFqYKkcc85Yg",220000
"UCBUVGPsJzc1U8SECMgBaMFw",1.6e+07
"UC09cuppOi5VxxLyykSpdnlw",89000
"UCHzrmjGQIw043RVffpyjezg",1.3e+07
"UCbu2SsF-Or3Rsn3NxqODImw",2.4e+07
"UCAzPsJi_SFdpPBvbiPc1DNQ",140000
"UCd9SVWsoWGWLG_hoqOw5piQ",53000
"UCAtPtX1EQ4RgRoqs17-opMg",880000
"UCYSBo41CFBbyFXV8_k-Cx2g",2e+06
"UCap97Ue8K_BpKlrvQRYd6JA",8200000
"UCg-YCxiu2u54f9dcZXVPe3w",390000
"UC12Ku0_2bhNsreyaoZH9raQ",5900000
"UCT8z80a4ESgO2Y4qajk-iXw",1.2e+07
"UCHnyfMqiRRG1u-2MsSQLbXA",6600000
"UCe7UlMFn6_TjAC6MENhGRaA",35000
"UClZkHt2kNIgyrTTPnSQV3SA",9400000
"UCLyYEq4ODlw3OD9qhGqwimw",2200000
"UCFjrDmEnxrG5TRGVO0TPHLA",9100000
"UC22TOQWJue006Lp6DB5QhDA",8.3e+07
"UC_BaxRhNREI_V0DVXjXDALA",1100000
"UCaibwqCNTDZOSC7RdVDjLmw",96000
"UCNoeMd-St-c-7Nw0b2zrr_w",290000
"UC48h7Dst_hX82HxOf3xJw_w",2700000
"UCaIM6y9YvfUb_IxS2reKsqw",990000
"UCBBDztEcBZrYBiE2-Cl_xmg",130000
"UCeLv3h_HSbUifncBFrXHdPg",4e+05
"UC3WJE8Oj9Bbzos5nhssZNog",13000
"UCFUUz89hX0NP6jhKbBop6pQ",180000
"UCR2lg_YchvWGbpMxHg-EIgg",1.1e+07
"UCn5HgqjOdW0d1jYTtvzKCUQ",150000
"UC5zSySQab9SA6Wz569WDgqw",2.4e+07
"UC1vdVJMlcL3Gkq3fKP7E0Bg",69000
"UCk_5HwLfgy-eALpm879J5Ag",33000
"UClrEYreVkBee7ZQYei_6Jqg",230000
"UCrDkAvwZum-UTjHmzDI2iIw",5.5e+07
"UCpuCos88YFmYxjHamHhEJhA",2100000
"UCu2Nnh9SBz5ax3NQFEnInyg",85000
"UC10Tc1mzoPTibXDyVXFf9fw",1500000
"UCRVruzlQF5cqpw9jQgIgNdw",5100000
"UC5x9HgKtKJKW61AF531hUoA",830000
"UCzlzGhKI5Y1LIeDJI53cWjQ",2100000
"UC5PYHgAzJ1wLEidB58SK6Xw",51000
"UCwQSkyrft0ohf-ra21yIs9Q",5e+07
"UCahpxixMCwoANAftn6IxkTg",2600000
"UCUR3HajOsZ-KycZn8HI2Nhg",66000
"UCqnbDFdCpuN8CMEg0VuEBqA",2800000
"UCBMxQPhfM6nkhQ8vPfQhkCg",8300000
"UCPDobokK10J8jnDtGgdyDtg",940000
"UCgMPP6RRjktV7krOfyUewqw",1.7e+07
"UCTXeJ33DzXI2veQpKfrvaYw",1.3e+07
"UCpE6gpKewomi17XDyPfpFjA",960000
"UCe0WYC4JoWndJ48PK1xRuJA",3300000
"UCiBr0bK06imaMbLc8sAEz0A",1e+07
"UCg2BAc_LMbbw7pn0BFuKVtg",3e+05
"UCYwrS5QvBY_JbSdbINLey6Q",950000
"UCQsH5XtIc9hONE1BQjucM0g",1100000
"UCozAuGJZ5MPoijz8IE_1Gtw",5900000
"UC70Dib4MvFfT1tU6MqeyHpQ",2.3e+07
"UCB7n_CJp_maWvHKVWPFGYcw",1e+05
"UCgefQJC5UgbWJHDxBqB4qVg",3.9e+07
"UCbg1xn1JhBqKpL2M6xi5-0A",150000
"UCrYnLkVfvVf0Qy0YOUQdk2A",7e+07
"UCeQEKFH31vvD-InkTGSvCrA",7200000
"UC-5LNANFKTC1DOkuhbeq6OQ",310000
"UCFns-k9UgOhVRnKHdynzU2A",8800000
"UCudKvbd6gvbm5UCYRk5tZKA",1e+07
"UCQgcmn4OVaKczXEo45iT_fA",390000
"UCoMdktPbSTixAyNGwb-UYkQ",750000
"UCpbG0QvrvdpBAegtY_ebeEw",610000
"UC-L9KNntvOrGkFRmD9SE4fw",2200000
"UCaO16EyoX6_064H0txQ0vZQ",820000
"UC7RCGWVd4j_WxIGalDkVi0w",940000
"UC7HJ3_GvkRWqd8IXPKj1cFA",42000
"UCG4VTGNZWEvcRqGAIi3Aj_g",380000
"UCZkcxFIsqW5htimoUQKA0iA",1700000
"UCKwGZZMrhNYKzucCtTPY2Nw",780000
"UCo_IB5145EVNcf8hw1Kku7w",2.5e+07
"UC740ilqsaYlnp0CFdYQoowA",1300000
"UCB1p88knr2l2IbfTX1vOCbg",270000
"UCzco9CewPf0F-SP1p6LhWrw",9700000
"UCyfZleh4w7buTzi0WfY8WqA",460000
"UC8jlKhHClMUO3kkL8ppK8Bw",1200000
"UCYooECrv-fIXlPaDwEIaveA",1.4e+07
"UCI-Oq7oFGakzSzHFlTtsUsQ",3700000
"UCgeb24Fw-Hni8VkR-mBtBDw",53000
"UChpihrq2RRLyzgLtpcoMVbw",180000
"UCbuyZEYXgjMV042uuwa_aFw",1100000
"UCke6I9N4KfC968-yRcd5YRg",7.6e+07
"UCpwvZwUam-URkxB7g4USKpg",1.6e+07
"UC2GnuulpFRtTGFNuS1LKL5g",1.5e+07
"UCLAcNrfZd3Nstptyuf54OVg",19000
"UCFU30dGHNhZ-hkh0R10LhLw",1.8e+07
"UCrV3j4NsS3Jbggys-flVSDA",15000
"UC7tQCPynoSf7Dgj-knC-aOg",660000
"UCB84a0PsU_2i4HKQ8-SHmpw",56000
"UCs0upBDG-dCAxy8_VDPE5XA",1300000
"UCnkd_jcJjIFOXLZC6M2Sjxg",1e+05
"UCRXXQgZZsMIxXpFncK019DA",180000
"UCskAt0JUUCrHqutdfLXSb-w",370000
"UCUsN5ZwHx2kILm84-jPDeXw",2.3e+07
"UCZQRVHvPaV4DRn3tp8qrh7A",190000
"UCVitMxMDE1s_Si85Gw0Y19g",180000
"UCBqWtrtVaxJK2KDsdtmTnsQ",580000
"UCmr0m5RQoEDXQY3hFBIEK3w",4700000
"UCZBu4SD7RaHHwKJqjtE1KGw",52000
"UCSo_it8y_WM0dLlvuOs34Zg",150000
"UCCww-R0oM_CQWXerBcNyKKw",68000
"UCw5nIlwE0OHkNuIe1ty0lxQ",2.3e+07
"UCGDwFBgtKO4M7AaTCY3jMLw",3e+05
"UCL64gn1KZ1C-u87BGQv3b6w",3100000
"UC55IWqFLDH1Xp7iu1_xknRA",2900000
"UCEe-43j9WUt6A0pHBppRJ_A",1600000
"UCobV_oWSV4-YgbYnqrkaX9w",9.5e+07
"UCm7L2pRYZSTATOn8jzf_TQQ",380000
"UC2dBZuI6gS-jv7PCIDXkXag",4800000
"UCPPPrnT5080hPMxK1N4QSjA",2700000
"UCDx2-SCLzDaC4vlh2PCGYQA",4e+07
"UCK0_zBeybLuyXbOcHp7wmJA",1e+07
"UCYCgq9pdIv95dnjMPFdk_DQ",830000
"UCxytOEPP99jj8mqVGAO7haQ",5e+06
"UCv2hYhRYO8Fmbs5mUemz2oQ",8e+06
"UCAGaiAGJg1B3l-hpLpPcdvg",1e+06
"UCY-nD3MKsBeZtLHi3772eSg",1300000
"UCfwP2H1CDJvssk6g2pm8EgA",2500000
"UCcWl6q7rcJ9WoF_Kwmxg23A",2.2e+07
"UCaNS3on9m_7LmSpI2GC65Bw",1500000
"UCYkoAtIMi6oFG_8SO5YrauQ",4e+06
"UCKZGcrxRAhdUi58Mdr565mw",2800000
"UCnrO0wqhKpMYUt_wSeaIasw",1e+07
"UCsTcErHg8oDvUnTzoqsYeNw",1.2e+07
"UCBWaR6y4B2Ca8KXg-80suJA",460000
"UCFwzOXPZKE6aH3fAU0d2Cyg",1600000
"UCKHhA5hN2UohhFDfNXB_cvQ",3e+07
"UCyU0H_poeSOraMD2y9Vku6A",880000
"UCOvEMf00DnwdkpOCRWdc6uA",4900000
"UCxplsYwPGQVKyiopBAdCMYA",1100000
"UCjx_CE53W9mPVO7_nVCTTkg",46000
"UCkxctb0jr8vwa4Do6c6su0Q",4.4e+07
"UCERUmrDh9hmqEXBsnYFNTIA",3.2e+07
"UC_TVqp_SyG6j5hG-xVRy95A",3.9e+07
"UCR1EMxu9anmg7DhJBxNUbsA",1e+07
"UCZWlSUNDvCCS1hBiXV0zKcA",730000
"UCqdGW_m8Rim4FeMM29keDEg",3e+06
"UC6zPzUJo8hu-5TzUk8IEC2Q",1300000
"UC31klL7WSgkQyGClLp-iacQ",780000
"UCNpix5mmVuqhg94qxrsnPtw",37000
"UCKlhpmbHGxBE6uw9B_uLeqQ",1.2e+08
"UCJHroOyfde4rZLTL2Zmk1UQ",2100000
"UCsB8vGD7lRFkZMK4AkLu2Vw",440000
"UCMZh9kMjQ6Yc_JuCNIp1UDw",190000
"UCRO2HUx-NQ71VPsXlfomiMg",1.4e+07
"UCKAqou7V9FAWXpZd9xtOg3Q",2800000
"UCTQ6d7W2JRulB1Pd-9wCsAw",980000
"UCnIQPPwWpO_EFEqLny6TFTw",720000
"UCqg2eLFNUu3QN3dttNeOWkw",3.5e+07
"UC4PooiX37Pld1T8J5SYT-SQ",5.1e+07
"UCtr2VqYDR7mx0Q15jOfK1vg",1e+07
"UC7YQL5pKCcaB3ZZ8lSibYmg",380000
"UCuLUOxd7ezJ8c6NSLBNRRfg",2e+05
"UCTv-XvfzLX3i4IGWAm4sbmA",2400000
"UCzNAswnSN0rZy79clU-DRPg",8100000
"UCKezegV3t5njyVLoeLhYi0A",1400000
"UCZJ7m7EnCNodqnu5SAtg8eQ",1.9e+08
"UCGv-qJBu7fJigxUy5zYD3Eg",680000
"UC_wIGmvdyAQLtl-U2nHV9rg",6e+05
"UCMfZ_z0LUm805JOZLktl2QQ",390000
"UCCY5J2rdhDZDEWL-wah6jOQ",780000
"UCWXCrItCF6ZgXrdozUS-Idw",2.5e+07
"UCqjaTPCl-Ljsiz4kkiuo6RQ",170000
"UCXoJ8kY9zpLBEz-8saaT3ew",2200000
"UCiBCfXg5HoSxWQ9vMXUJbgg",1600000
"UChm_03-6BrDwBi5cEizOwPA",5000
"UCeJT1E956KZACTb5sVe_lSQ",860000
"UClu474HMt895mVxZdlIHXEA",1.3e+07
"UCT2X19JJaJGUN7mrYuImANQ",6300000
"UC026Lbh9_gRAReUL6hUGR_w",29000
"UC-SV8-bUJfXjrRMnp7F8Wzw",4.4e+07
"UClmrMSi6lEWznq_iZ_LJp9w",92000
"UCWJHDMgKWWvOsdyRF3HPVEw",5400000
"UCacsg57ZIYIDtJcCif1tUeg",5e+05
"UC75rso1DWIZ3hka0V6hGq7Q",480000
"UCcF7lkZqxzI2asePTbksVdA",3800000
"UCmJ6eP-7_6gqm8moQukzd4A",240000
"UCkLXELm63_pH7L-r-548kig",280000
"UCakQLdwrxuo0KhJ49Sq2csA",2e+06
"UCoZoRz4-y6r87ptDp4Jk74g",8600000
"UCO_vmeInQm5Z6dEZ6R5Kk0A",1.2e+07
"UC0fXNmjDoC7ckPyT6qM8Urw",95000
"UCOmcA3f_RrH6b9NmcNa4tdg",8500000
"UCiBigY9XM-HaOxUc269ympg",3e+05
"UCH6vXjt-BA7QHl0KnfL-7RQ",1.3e+07
"UCzaLBeGCvk47gY522T1WVLA",140000
"UCQRsSpALkBcdRks8IyOE9nQ",7e+05
"UCWoz_TnrzA2szo5nuJT1enA",220000
"UCgyqtNWZmIxTx3b6OxTSALw",6800000
"UC7nGdI1YVbdj0lBqEeg8KxQ",1e+06
"UCNkKHBNLpH-Qc9OiXVU1XmQ",1600000
"UCXzaEAP-03qktmjNF2M4qLg",4600000
"UCrkSGDjXXzkQYu2GGrXVEXw",220000
"UCj5WaQjidIovKdKx2-hCtuw",26000
"UC-lHJZR3Gqxm24_Vd_AJ5Yw",7.9e+08
"UCqD6hpfLEIF9Rs4hMoNhR2A",260000
"UCVnu0ZtcaY9bpJgdxAaqagA",1300000
"UCh8bTHe4T8o7RIU7R5EPX-w",4.1e+07
"UC8Psc5qqim_IMAKH0nURr_A",140000
"UCD8bmW4A7eYzHrW7sXwsqwQ",710000
"UCBxs6sUSOJ3UUATAi4rp30w",3.1e+07
"UCXC9lF62GFmMogWg20ValHw",270000
"UCzq3sPpeNtk8zhez8WnWLHw",210000
"UC6PtMAu4aHLS2Cz9d1SkDfg",660000
"UCjNUHgBv6rvGHIdXNaHBz8g",64000
"UCe-gHr2O_LP7t0YJYHZQZlg",460000
"UCSFXVY6lxmxYfHlLBGFwuEg",560000
"UCmyGH1tjNBs2VFtVSAtmNOg",19000
"UCbCmjCuTUZos6Inko4u57UQ",1100000
"UCeZe0VwwhEf8KTI2FHfJtTg",130000
"UCZLpYvytvI4PZCs4gmtzqgQ",410000
"UCZaT_X_mc0BI-djXOlfhqWQ",4800000
"UCXbQzhqSvgVZTUyi1T4AU3w",1.1e+07
"UCleo0cLOSiib0W62-GK1KdQ",2e+06
"UCLk9wddjT0F-HILLRFXodtg",1.8e+07
"UC9ckyA_A3MfXUa0ttxMoIZw",610000
"UCLF-kfM8ZxHQ9lW_lpu_thw",2e+06
"UCW2OUlFrrWiZvSsZRwOYmNg",1700000
"UCtJkNv0rghEOOiz87xT4C5A",2.6e+07
"UChl6CG-V7LgqhfwkvbHH67Q",1900000
"UCpmZQGTZXn9xd4nN59pbIWQ",3e+05
"UCpSgg_ECBj25s9moCDfSTsA",5200000
"UC05uI2AIsSIi6iwu3EydNuA",1.5e+07
"UCnB5W_ZJgiDFnklejRGADxw",4100000
"UCE5dOdHmNYfFtLA-ov3ehbQ",9000
"UCWqJpFqlX59OML324QIByZA",6600000
"UCVrvnobbNGGMsS5n2mJwfOg",1.8e+07
"UChM_8YeNCava2-OSbgbpe_w",3400000
"UCA20sxpsvaQkWH9fZoukWJw",2e+06
"UCutJqz56653xV2wwSvut_hQ",2800000
"UC_zEzzq54Rm0iy7lmmZbCIg",1200000
"UC1t74cS15eURW0YCpsRaDuw",97000
"UCbBrk4JwHch79P-SzDKIOMQ",22000
"UCblfuW_4rakIf2h6aqANefA",1.8e+07
"UC2APpwfAlZU8X0EezmhuXUQ",1.2e+07
"UCTL0lRmUQ-rH4YZAteV7LzA",7e+06
"UC1r4VtVE__5K6c_L_3Vlxxg",3.5e+07
"UCvnCDhh9gtyky_thhnNrhTA",140000
"UCnenDeyXGv5IRYsa3QAGdhQ",64000
"UCdmGjywrxeOPfC7vDllmSgQ",1.2e+07
"UCIZTcU6Xp-dJkYPswQZNqsw",380000
"UCaO6TYtlC8U5ttz62hTrZgg",1.2e+07
"UCeTzt8EPd5KZn6ZYH07eUSA",2.7e+07
"UCBQlRqLAB1mstRpYlWXvFXA",89000
"UCcug5qJkYT6P48K2FUlUZzg",58000
"UCqjjyPUghDSSKFBABM_CXMw",4800000
"UC3WI3Ut8Hvc6kzlLcG0IJHw",910000
"UCXhSCMRRPyxSoyLSPFxK7VA",2.6e+07
"UC0kLTLosqh6GH6L19I-3EgA",1.2e+07
"UCq-Fj5jknLsUf-MWSy4_brA",2.5e+07
"UCYJPby9DRCteedh5tfxVbrw",3.6e+07
"UCQNax8LsGh3EiLF4WmNgDZA",1.2e+07
"UC7PbpGeIZSl3FbQ9fwzvm4g",120000
"UCA4moEoWVOmDUuCP_lyKuMQ",31000
"UCbWUEnTRHb3bRdrnovq8iuA",3800000
"UCe66nJag7ECFSJOlWpn69Pw",28000
"UC_nBvBIV0K6P5C3tA27Hwrg",51000
"UCuTaETsuCOkJ0H_GAztWt0Q",2e+06
"UCl2aT0nRejTCQO_LHZAftBw",4100000
"UCERmUv0brIpW1JEBbEtNGdw",150000
"UC-lJ-F5mlPP6SYPkkq6gjwA",1200000
"UCMgQwzHQrefJYo5GTIvhV0w",2500000
"UC8ZcDHb1WKZnzmDCUoT8IVA",1600000
"UCdDjyRMkXnZ1I436bf4BMGQ",67000
"UCRuBkiFbpucsmlw6EysD0RA",140000
"UCozTNWrw41RC5P447d2nuKw",660000
"UCBoXjMgqTNDcY395KJQkSRw",280000
"UCa6Hg8HmooiDNaCT0_1NbQQ",2.2e+07
"UCoGDh1Xa3kUCpok24JN5DKA",5.3e+07
"UCvrhwpnp2DHYQ1CbXby9ypQ",5200000
"UCTt2AnK--mnRmICnf-CCcrw",1e+07
"UCeWFTANmqJVW8HheFGxCDuA",39000
"UCvthuVsurPaVz2a7_4LepGg",1100000
"UCkGf_kXNiDG_nXs4-WJkY-Q",2700000
"UCzNhowpzT4AwyIW7Unk_B5Q",1.6e+07
"UClJlcmhUkErNMYGAbzoGd8A",1.2e+07
"UCB4BRxXp2TsMCe8kU29h3Qw",850000
"UC-CTI1v_cfX9Q0pWS0QhDWg",140000
"UCjvqqA-Eogozfm244OhUESw",3300000
"UCL9QTpkZUW8iW_0Y4XKWhrA",2.3e+07
"UCK1sVuXaDvJeNwl9noN5nOA",5400000
"UC7e-HT5JNFBruAKvADJrqFQ",130000
"UCvvv8EVMmEn2fqCHySJ2MPA",2300000
"UC0QpXwNHik1793EYNGZcOoA",570000
"UCoOF5TJFkopCBciv05LLfCw",2100000
"UC52X5wxOL_s5yw0dQk7NtgA",7800000
"UC1WEOQjm8tyT1pXY6xaoYZQ",520000
"UCppHT7SZKKvar4Oc9J4oljQ",1.3e+07
"UCM1Rrngv-XT2yHGxQK1tWUQ",27000
"UC3djj8jS0370cu_ghKs_Ong",2300000
"UCqTE5yayQ-cWfwDkm7gcPkA",81000
"UC37PFGlxWgx4tU6SlhPCdCw",9100000
"UCsA_vkmuyIRlYYXeJueyIJQ",1e+06
"UC6cqazSR6CnVMClY0bJI0Lg",7300000
"UCKd1OjLzqPNFmDMheIED7Mg",2100000
"UCIJwWYOfsCfz6PjxbONYXSg",8200000
"UCnpy6aaJeb29DZJ8bsCgRiQ",1400000
"UChI4p4l9OlVJ41c6AYQBtlw",860000
"UCyRJT1Crn3uwKJ4VHHr0CBg",2200000
"UCfsVJuytT01LF52dnPRbssw",4000
"UCkUTw3sAGPlNMYLVSq5aB4g",13000
"UCOsyDsO5tIt-VZ1iwjdQmew",3e+06
"UCYv_csqWJTSfQK3vOZDJKQw",220000
"UCNMJyN1E369HwCI2viLCIyA",290000
"UC-kezFAw46x-9ctBUqVe86Q",2800000
"UCZSUvJTxnp7ay48TUJAf4RQ",1200000
"UCBSVw6f8KBFLn7r1cQsFhLw",140000
"UCbVNBFaRkgL-6kg92q1fsYw",2400000
"UCkEBDbzLyH-LbB2FgMoSMaQ",4400000
"UCAoMPWcQKA_9Af5YhWdrZgw",1.9e+07
"UCUBoIo2p7GSRMt1YcSswDEw",980000
"UCmZx3uP8kvCIBMAONQiAvbw",1500000
"UC7Pq3Ko42YpkCB_Q4E981jw",1300000
"UCs9cbcgCbWXdPxJcEOrcR4g",12000
"UCrFiA0hztL9e8zTi_qBuW4w",5.3e+07
"UCtQp6YD3Uc7Q439xlWL6APA",610000
"UCE2606prvXQc_noEqKxVJXA",5200000
"UCmv1CLT6ZcFdTJMHxaR9XeA",3.5e+07
"UChYU73igK5wQhWAXPh3X8PA",2100000
"UCLcxQ8h1PX3WgLdgnJHcCxg",7500000
"UCa0ZcLPHL2QY1p1xqBCYedQ",360000
"UCvqKb7KRw1vbkYiJihoYE8w",22000
"UCS3VJQpFmLbBd5qsWci9KPA",530000
"UCK1i2UviaXLUNrZlAFpw_jA",2900000
"UCNZiHRCIXaz8NcwTtQm8rpA",340000
"UCylgEewgtpmPLgprpFvscKg",1100000
"UCj5tYok-Han88RBzumyHwlw",7e+05
"UCUxbV_ewlfeaIHN-qSrQsIg",6100000
"UCMWLdSdAyDcCy_OVzONKm0w",85000
"UC1yBKRuGpC1tSM73A0ZjYjQ",7.2e+07
"UC5ysD5TL5WG7_pZLg1Q3sUA",79000
"UCafNntv_qTQB26AvbEQNHPw",1300000
"UCcOYEm78CpaZQvPE6LtoSeA",5700000
"UCmJgm56O64l2h7mpFcxKWfw",7300000
"UCsP7Bpw36J666Fct5M8u-ZA",5300000
"UCIIKPy27YWW5yhc0qvr4KnA",2100000
"UC3KknIJZXRygH2pZ6MDtGbg",710000
"UC1xwwLwm6WSMbUn_Tp597hQ",1600000
"UCnP-q-qtkyk6dnXSLp0SllQ",420000
"UCRx3mKNUdl8QE06nEug7p6Q",1100000
"UCp0hYYBW6IMayGgR-WeoCvQ",1e+08
"UC4Pg4VMErK0WQJZI_suR7jA",750000
"UCaHhsFQFrp5Ytbk0FklLyAQ",95000
"UC7KsOyQx3vyo8B-ta6_uLUQ",1100000
"UC5wKpLWxAZBZrunls3mzwEw",1600000
"UCTSQvwQfAkbZuMpoYs8eXKw",110000
"UCwrfRCqA9wvqp9zCvzLl6Sw",7300000
"UCPIvT-zcQl2H0vabdXJGcpg",3900000
"UCbLXfrb6dT54QtedNWXY2AQ",310000
"UCHPbrkmgqJpoKaGxrUmbMvA",620000
"UCEe076nFuVobN0bAsXK7ICw",1.1e+08
"UCam8T03EOFBsNdR0thrFHdQ",2.5e+08
"UCLcVoPzrj9IzLQ137-KYiXg",240000
"UCvC4D8onUfXzvjTOM-dBfEA",1.2e+07
"UCtinbF-Q-fVthA0qrFQTgXQ",5400000
"UC1D36wr10qyCfisHulZ5G8Q",1600000
"UCOYWgypDktXdb-HfZnSMK6A",2.3e+07
